business_id,name,address,city,state
67372,#1 CHINA BUFFET,"125 E. REYNOLDS ROAD, STE. 120",Lexington,KY
61072,1780'S CAFE,300 N BROADWAY,Lexington,KY
65440,1ST.  BASE CONCESSION,207 LEGENDS LANE,Lexington,KY
98932,21C LEXINGTON MASTER TENANT,167 W MAIN STREET,Lexington,KY
30690,2ND FLOOR CLUB KITCHEN,4201 VERSAILLES RD.,Lexington,KY
31040,300 GRILL EASTLAND,750 EAST NEW CIRCLE RD,Lexington,KY
32279,300 GRILL SOUTHLAND,205 SOUTHLAND DRIVE,Lexington,KY
65439,3RD. BASE CONCESSION,207 LEGENDS LANE,Lexington,KY
95307,"A & W BURGERS, CHICKEN & FLOATS",2251 WAR ADMIRAL WAY STE 110,Lexington,KY
65080,A CUP OF COMMON WEALTH,105 EASTERN AVE,Lexington,KY
30740,A P  SUGGINS,345 ROMANY RD,Lexington,KY
43192,"A&W BURGERS, CHICKEN, FLOATS",3401 NICHOLASVILLE RD STE FL-07,Lexington,KY
96528,A&W BURGERS CHICKEN FLOATS,114 TOWNE CENTER DR,Lexington,KY
31710,A&W RESTAURANT,652 E MAIN STREET,Lexington,KY
75081,"ABC 123 LEARNING CENTER, LLC",285 E. SIXTH STREET,Lexington,KY
96533,ACTIVE DAY OF LEXINGTON,191 W LOWRY LANE,Lexington,KY
41689,"ADVENTURE CENTER, LLS",1440 FORBES ROAD,Lexington,KY
70022,AFC SUSHI   KROGER # 407,3101 RICHMOND ROAD,Lexington,KY
69489,AFC SUSHI   KROGER #347,4101 TATES CREEK RD,Lexington,KY
84685,AFC SUSHI   KROGER #352,2335 NICHOLASVILLE RD,Lexington,KY
88221,AFC SUSHI   KROGER #737,1060 CHINOE RD.,Lexington,KY
83286,AFC SUSHI   KROGER #767,3175 BEAUMONT CNTR CIRCLE,Lexington,KY
79573,AFC SUSHI   KROGER #768,"1600 LEESTOWN ROAD, STE 150",Lexington,KY
70024,AFC SUSHI   KROGER #784,704 EUCLID,Lexington,KY
77973,AFC SUSHI   KROGER 371,3650 BOSTON ROAD,Lexington,KY
89306,AFC SUSHI   KROGER L 359,1650 BRYAN STATION ROAD,Lexington,KY
77812,AFC SUSHI   KROGER L 361,1808 ALEXANDRIA DRIVE,Lexington,KY
89304,AFC SUSHI   KROGER L 721,4750 HARTLAND PARKWAY,Lexington,KY
82821,AFC SUSHI   UKY001,800 ROSE STREET,Lexington,KY
54921,AG NORTH DELI,1100 S LIMESTONE ST.,Lexington,KY
30743,AIRPORT FOOD MART,5584 VERSAILLES ROAD,Lexington,KY
93062,ALANNA'S HOUSE OF SOUL,207 S LIMESTONE,Lexington,KY
67013,ALFALFA RESTAURANT,141 E. MAIN,Lexington,KY
71072,ALI BABA,412 SOUTHLAND DR,Lexington,KY
30745,AL'S BAR,601 NORTH LIMESTONE,Lexington,KY
81536,AMERICA'S UPTOWN HOUNDS LUXURY,466 ANGLIANA AVE,Lexington,KY
42242,ANDOVER GOLF AND COUNTRY CLUB,3450 TODDS RD,Lexington,KY
99403,ANTHONY'S,1392 TRENT BLVD #2,Lexington,KY
89969,APIARY CATERING & EVENTS,218 W JEFFERSON ST,Lexington,KY
85539,APOTHECARY CAFE,789 S LIMESTONE,Lexington,KY
60544,APPLEBEE'S NEIGHBOR HOOD GRILL & BAR,1856 ALYSHEBA WAY,Lexington,KY
39671,APPLEBEE'S NEIGHBORHOOD GRILL & BAR,4009 NICHOLASVILLE RD,Lexington,KY
71880,APPLEBEE'S NEIGHBORHOOD GRILL & BAR,1761 SHARKEY WAY,Lexington,KY
76520,APPLEBEE'S NEIGHBORHOOD GRILL & BAR,2299 RICHMOND ROAD,Lexington,KY
30794,ARAMARK CAFETERIA, BLACKBURN CORR. COMPLEX,Lexington,KY
31459,ARAMARK BLDG 3 LEXMARK,740 NEW CIRCLE RD,Lexington,KY
36043,ARAMARK BUILDING 32 35 LEXMARK,740 NEW CIRCLE RD  BLDGS 32-35,Lexington,KY
76790,ARBOR YOUTH SERVICES,536 W. THIRD STREET,Lexington,KY
48387,ARBY'S,410 W. VINE ST.,Lexington,KY
48691,ARBY'S,3110 PIMLICO PKWY,Lexington,KY
49229,ARBY'S   PALOMAR,3745 HARRODSBURG RD,Lexington,KY
30759,ARBY'S #1092,2649 RICHMOND RD,Lexington,KY
30756,ARBY'S #1128, NORTH PARK SHOPPING CENTER,Lexington,KY
30761,ARBY'S #1299,3261 NICHOLASVILLE RD,Lexington,KY
30757,ARBY'S #1339,507 S LIMESTONE ST,Lexington,KY
30762,ARBY'S #159,212 SOUTHLAND DR,Lexington,KY
62651,ARBY'S #6911,1949 PLAUDIT PLACE,Lexington,KY
30760,ARBY'S #784,1228 S BROADWAY,Lexington,KY
30758,ARBY'S OF LEXINGTON #1952,2270 ELKHORN DR,Lexington,KY
30763,ARBY'S RESTAURANT,3391 TATES CREEK RD,Lexington,KY
91858,ARCADIUM,574 N LIMESTONE,Lexington,KY
71289,ARCHITECTURAL KITCHENS & BATHS,345 LAFAYETTE AVE,Lexington,KY
30904,ARIRANG GARDEN,109 MT TABOR RD,Lexington,KY
63815,ARLINGTON CHRISTIAN CHURCH,1206 N  LIMESTONE ST,Lexington,KY
30764,ARLINGTON ELEMENTARY SCHOOL,928 N LIMESTONE ST,Lexington,KY
32210,AS DE OROS,1914 OXFORD CIRCLE,Lexington,KY
80512,ASHLAND AVE. BAPTIST CHURCH,483 W. REYNOLDS RD.,Lexington,KY
30767,ASHLAND CHEMICAL   LEXINGTON,3499 BLAZER PARKWAY,Lexington,KY
30766,ASHLAND ELEMENTARY SCHOOL,195 N ASHLAND AVE,Lexington,KY
30768,ASHLAND TERRACE,475 S ASHLAND AVE,Lexington,KY
96454,ASIAN BISTRO,4224 SARON DR,Lexington,KY
77498,ASIAN CAFE,"3120 PIMLICO PKWY, STE. 184",Lexington,KY
43117,ASIAN TOO EXPRESS,3401 NICHOLASVILLE RD FC-10,Lexington,KY
50280,ASIAN WIND RESTAURANT,"3735 PALOMAR CTR. DR., STE 40",Lexington,KY
78050,ASIANA CUISINE ENTERPRISES,3387 TATES CREEK RD.,Lexington,KY
71975,ASUKA GRILL & SUSHI,2300 SIR BARTON WAY  #110,Lexington,KY
38315,ATHENIAN GRILL,313 S ASHLAND AVE,Lexington,KY
89410,ATHENIAN GRILL,"115 N. LOCUST HILL DR, SUITE 109",Lexington,KY
97036,ATHENIAN GRILL   KROGER AT EUCLID,704 E EUCLID,Lexington,KY
31995,ATHENS FOOD MART,5522 ATHENS-BOONESBORO ROAD,Lexington,KY
60746,ATHENS SOFTBALL COMPLEX,5789 RICHMOND RD,Lexington,KY
76625,ATHENS CHILESBURG ELEMENTARY,900 CHILESBURG ROAD,Lexington,KY
71209,AUNTIE ANNE'S  PRETZELS,3401 NICHOLASVILLE ROAD  PK 55,Lexington,KY
30773,AUSTIN CITY SALOON,2350 WOODHILL DR,Lexington,KY
61166,AVON MART,5693 BRIAR HILL ROAD,Lexington,KY
75633,AYAME JAPANESE & GOURMET MARKET,"115 CODELL DRIVE, STE. 120",Lexington,KY
72696,AZUR,3070 LAKECREST CIR STE #550,Lexington,KY
76013,B.D.'S MONGOLIAN BARBEQUE,2309 SIR BARTON WAY,Lexington,KY
89821,BABYCAKES CUPCAKES,1616 LIBERTY ROAD,Lexington,KY
67829,BACKSTRETCH BAR & GRILL,1784 BRYAN STATION RD,Lexington,KY
61459,BACKYARD BURGERS,1816 ALYSHEBA WAY,Lexington,KY
31780,BAD WOLF BURGERS,1415 LEESTOWN RD,Lexington,KY
85008,BAKERY NIETO   PANADERIA NIETO,1426 VILLAGE DR,Lexington,KY
41126,BANNERS,3650 BOSTON RD STE A,Lexington,KY
94566,BAPTIST HEALTH LEXINGTON CHILD DEVELOPMENT CENTER,110 SOUTHLAND DR,Lexington,KY
30885,"BAPTIST HEALTH LEXINGTON, CAFE CENTRAL",1740 S LIMESTONE ST,Lexington,KY
66803,"BAPTIST HEALTH LEXINGTON, EDUCATION CENTER",1720 NICHOLASVILLE,Lexington,KY
61343,BARNES & NOBLE BOOKSELLERS,1932 PAVILLION WAY,Lexington,KY
30782,BASKIN ROBBINS,3383 TATES CREEK RD,Lexington,KY
91909,BASKIN ROBBINS,3061 FIELDSTONE WAY #1400,Lexington,KY
32402,BASKIN ROBBINS ICE CREAM,115 NORTH LOCUST HILL  # 101,Lexington,KY
32215,BAYOU BLUEGRASS CATERING ,861 S BROADWAY,Lexington,KY
61796,BEAUMONT BAR & GRILL,3070 LAKECREST CIRCLE # 625,Lexington,KY
98933,BEAUMONT FOODMART,961 MIDNIGHT PASS,Lexington,KY
30785,BEAUMONT MIDDLE SCHOOL,2080 GEORGIAN WAY,Lexington,KY
58942,"BEER TRAPPE, THE",811 EUCLID AVENUE,Lexington,KY
56134,BELLA NOTTE ITALIAN TRATTORIA,3715 NICHOLASVILLE RD,Lexington,KY
94180,BELLE'S BAR,156 MARKET STREET,Lexington,KY
30784,BEST FRIENDS BAR,500 EUCLID AVENUE,Lexington,KY
30789,BIG BLUE BIRD EARLY, CHILDHOOD CTR,Lexington,KY
68766,BIRRIERIA JALISCO,3330 PARTNER PLACE STE 114,Lexington,KY
36088,BIT N BRIDLE CLUBHOUSE,4089 IRON WORKS PIKE,Lexington,KY
93523,BLACK PEARL KIOSK,3401 NICHOLASVILLE RD,Lexington,KY
57053,BLAZE PIZZA,341 S LIMESTONE,Lexington,KY
32446,BLAZER CAFE,343 S MARTIN LUTHER KING BLVD,Lexington,KY
96426,BLAZER COMMISSARY,343 S. MLKING BLVD,Lexington,KY
31631,BLUE 3 STAND,430 WEST VINE STREET,Lexington,KY
31623,BLUE CONCOURSE NO. 4,430 WEST VINE STREET,Lexington,KY
91112,BLUE DEVILS FOOTBALL BOOSTERS,2100 FONTAINE RD.,Lexington,KY
90181,BLUE DOOR SMOKEHOUSE,226 WALTON AVE,Lexington,KY
30796,BLUE GRASS CHRISTIAN CAMP,7463 ATHENS-BOONESBORO ROAD,Lexington,KY
91880,"BLUE HERON, THE",185 JEFFERSON ST.,Lexington,KY
68202,BLUE REEF   SUSHI & GRILL,1080 S BROADWAY #201,Lexington,KY
93444,BLUE STALLION,610 W THIRD ST,Lexington,KY
31138,BLUEFIRE BAR & GRILL,401 W. HIGH STREET,Lexington,KY
62124,BLUEGRASS BAPTIST SCHOOL,3743 RED RIVER DRIVE,Lexington,KY
30771,BLUEGRASS CAFE   BCTC,470 COOPER DRIVE,Lexington,KY
32424,BLUEGRASS CARE AND REHABILITATION CENTER,3576 PIMLICO PARKWAY,Lexington,KY
98748,BLUEGRASS CATERING,"903 MANCHESTER ST., SUITE110",Lexington,KY
67747,BLUEGRASS GIRLS FASTPITCH,2000 PARKERS MILL RD,Lexington,KY
31994,BLUEGRASS MART,464 SQUIRES CIRCLE,Lexington,KY
76789,BLUEGRASS TAVERN,115 CHEAPSIDE,Lexington,KY
92854,BLUEGRASS VOLLEYBALL CENTER,709 MILES POINT WAY,Lexington,KY
30800,BOB EVANS RESTAURANT #107,2341 BUENA VISTA RD,Lexington,KY
30799,BOB EVANS RESTAURANT #53,2560 RICHMOND RD,Lexington,KY
32307,BOILING KITCHEN,"115 N. LOCUST HILL, STE. 105",Lexington,KY
72553,BONEFISH GRILL,2341 SIR BARTON WAY,Lexington,KY
30804,BOOKER T. WASHINGTON ACADEMY   PRIMARY,707 HOWARD STREET,Lexington,KY
30797,BOOKER T. WASHINGTON ACADEMY  INTERMEDIATE,475 PRICE ROAD,Lexington,KY
68675,BOURBON N'  TOULOUSE,829 EUCLID AVENUE,Lexington,KY
61165,BP OIL MAPLELEAF,3100 MAPLELEAF DR,Lexington,KY
37018,BP RICHMOND RD,2221 RICHMOND RD,Lexington,KY
76791,BRACKTOWN ACAD. LEARNING CTR.,3016 BRACKTOWN ROAD,Lexington,KY
76661,BRACKTOWN BAPTIST CHURCH,3016 BRACKTOWN ROAD,Lexington,KY
31370,BRADFORD BBQ,2220 NICHOLASVILLE RD #101,Lexington,KY
30689,BRASABANA,841 LANE ALLEN DR,Lexington,KY
96660,"BREAK ROOM, THE",1178 MANCHESTER STREET,Lexington,KY
30808,BRECKINRIDGE ELEMENTARY, SCHOOL,Lexington,KY
92289,BRICK OVEN PIZZERIA,4371 OLD HARRODSBURG RD #160,Lexington,KY
61878,"BRIDGE PIZZA, THE",393 WALLER AVE STE #5,Lexington,KY
98068,BROOMWAGON,800/802 N LIMESTONE,Lexington,KY
56602,BRU BURGER BAR,3010 LAKECREST CIRCLE,Lexington,KY
96973,BRUSTER'S REAL ICE CREAM,220 RUCCIO WAY SUITE 190,Lexington,KY
90209,BRYAN STATION BASEBALL BOOSTER CONCESSION,201 EASTIN DR,Lexington,KY
90867,BRYAN STATION FOOTBALL CONCESSION,201 EASTIN RD.,Lexington,KY
68559,BRYAN STATION HIGH   SOFTBALL,1866 EDGEWORTH DR,Lexington,KY
30816,BRYAN STATION HIGH SCHOOL,1866 EDGEWORTH DR,Lexington,KY
30815,BRYAN STATION MIDDLE SCHOOL,1865 WICKLAND DR,Lexington,KY
33085,"BUCANAS ENTERTAINMENT , INC",907 WINCHESTER RD,Lexington,KY
97796,BUDDHA LOUNGE,109 N MILL ST. #150,Lexington,KY
65436,BUDWEISER STABLES,207 LEGENDS LANE,Lexington,KY
58029,BUFFALO WILD WINGS #15,1080 S BROADWAY,Lexington,KY
64910,BUFFALO WILD WINGS GRILL & BAR #49,3094 OLD TODDS RD.,Lexington,KY
31454,BURGER & SHAKE,219 E NEW CIRCLE RD,Lexington,KY
30821,BURGER KING #1007,2217 NICHOLASVILLE RD,Lexington,KY
84794,BURGER KING #17304,2548 RICHMOND ROAD,Lexington,KY
30824,BURGER KING #1923,451 NEW CIRCLE RD,Lexington,KY
96668,BURGER KING #20867,730 LANE ALLEN RD.,Lexington,KY
50119,BURGER KING #8249,4200 SARON DR,Lexington,KY
52037,BURGER KING #8725,3348 CLAYS MILL RD,Lexington,KY
92161,BURGERFI,"141 ROJAY DR, STE 110",Lexington,KY
30827,C & P RESTAURANT,1000 MANCHESTER ST,Lexington,KY
99244,CABELA'S,1510 CONSERVATION WAY,Lexington,KY
98141,CAFE 1101,1101 WINBAK WAY,Lexington,KY
34431,CAFE SOUTH, CENTRAL BAPTIST HOSPITAL,Lexington,KY
90279,CAKES BY JULIE,355 ROMANY RD,Lexington,KY
65047,CALVARY BAPTIST CHURCH,130 E. HIGH STREET,Lexington,KY
31779,CAMBRIDGE PLACE,2020 CAMBRIDGE DRIVE,Lexington,KY
30830,CAMELOT EAST,2606 RICHMOND RD,Lexington,KY
30831,CAMELOT WEST,1761 ALEXANDRIA DR,Lexington,KY
30832,"CAMPBELL HOUSE, THE",1375 S BROADWAY,Lexington,KY
30783,CAMPUS CAFE,391 ROSE ST,Lexington,KY
47738,CAMPUS KIDS,1165 CENTRE PARKWAY #225,Lexington,KY
32521,CAMPUS PUB LLC,393 WALLER AVE,Lexington,KY
30869,CAPTAIN D'S,245 NEW CIRCLE ROAD,Lexington,KY
30870,CAPTAIN D'S,167 EAST REYNOLDS ROAD,Lexington,KY
30871,CAPTAIN D'S,125 NORTH MT TABOR ROAD,Lexington,KY
77359,CARAMANDA'S BAKE SHOP,332 SOUTHLAND DRIVE,Lexington,KY
80653,CARAMANDA'S BAKE SHOPPE INC,3805 DYLAN PLACE #110,Lexington,KY
30872,CARDINAL HILL HOSPITAL,2050 VERSAILLES RD,Lexington,KY
30873,CARDINAL VALLEY ELEM. SCHOOL,218 MANDALEY ROAD,Lexington,KY
47226,CARIBBEAN FLAVOR,891 GEORGETOWN ST.,Lexington,KY
68737,CARINO'S #901,2333 SIR BARTON WAY,Lexington,KY
75714,CARINO'S #904,135 ROJAY DRIVE,Lexington,KY
54982,CARMIKE 10 CINEMAS,3151 MAPLELEAF DR.,Lexington,KY
67299,CARRABBA'S ITALIAN GRILL,1881 PLAUDIT PLACE,Lexington,KY
30881,CASSIDY ELEMENTARY SCHOOL,1125 TATES CREEK RD,Lexington,KY
65666,CATERING BY DONNA,1054 W HIGH ST,Lexington,KY
47306,CATHEDRAL KITCHEN  CHRIST THE KING,299 COLONY BLVD,Lexington,KY
65030,CATHOLIC ACTION CENTER,400 EAST FIFTH STREET,Lexington,KY
75078,"CELLAR BAR & GRILL, THE",3256 LANSDOWNE DR #50,Lexington,KY
48036,CENTENARY UNITED METHODIST,2800 TATES CREEK RD,Lexington,KY
70805,CENTER FOR CLINICAL & TRANSLATIONAL SCIENCE,800 ROSE ST. ROOM C-300,Lexington,KY
94287,CENTERED CAFE,309 N ASHLAND AVE SUITE 180,Lexington,KY
74017,CENTRAL BAPTIST CHURCH,110 WILSON DOWNING RD.,Lexington,KY
38961,CENTRAL CHRISITAN CHILD CARE,266 E SHORT ST,Lexington,KY
98082,CENTRAL KY RECOVERY CENTER HOME #3,1374 BULL LEA LANE,Lexington,KY
93825,CENTRAL KY RECOVERY CNTR    #2,1366 BULL LEA LANE,Lexington,KY
93826,CENTRAL KY RECOVERY CNTR BLDG #1,1358 BULL LEA LANE,Lexington,KY
32192,"CENTRO, LOLA II LLC DBA",113 CHEAPSIDE,Lexington,KY
76417,CHAMPS SKATE CENTER,297 RUCCIO WAY,Lexington,KY
62322,CHAO CAJUN #F 22,3473 NICHOLASVILLE RD,Lexington,KY
64094,CHARLEY'S PHILLY STEAK,3401 NICHOLASVILLE ROAD  FC-1,Lexington,KY
30889,CHARLIE BROWN'S,816 EUCLID AVE,Lexington,KY
30678,CHARLIE'S SEAFOOD,926 WINCHESTER ROAD,Lexington,KY
95975,CHASE TAP ROOM,266 JEFFERSON ST,Lexington,KY
37650,CHATHAM'S SOUTHERN COMFORT FOOD,496 EAST HIGH STREET,Lexington,KY
30893,CHEAPSIDE BAR,131 CHEAPSIDE,Lexington,KY
55047,CHEDDAR'S,3604 WALDEN DRIVE,Lexington,KY
79522,CHEDDAR'S,3094 HELMSDALE PL,Lexington,KY
96133,"CHEESECAKE FACTORY, THE",3545 NICHOLASVILLE RD,Lexington,KY
90794,"CHEEZY MAC, THE",3401 NICHOLASVILLE RD. SUITE 311,Lexington,KY
89981,"CHEN OSAKA , INC","3805 DYLAN PLACE, STE 130",Lexington,KY
44583,CHENGS RESTAURANT,3101 CLAYS MILL RD #302,Lexington,KY
30875,CHERISH THE CHILD,102 DENNIS DR,Lexington,KY
30896,CHEVY CHASE INN,833 E. EUCLID AVENUE,Lexington,KY
69882,CHICK FIL A,1869 PLAUDIT PLACE,Lexington,KY
81292,CHICK FIL A,2514 NICHOLASVILLE RD,Lexington,KY
30898,CHICK FIL A    FAYETTE MALL,3401 NICHOLASVILLE RD STE FC-5A,Lexington,KY
67108,CHICK FIL A   TURFLAND MALL,2025 HARRODSBURG ROAD,Lexington,KY
32453,CHICK FIL A   UK,220 AVENUE OF CHAMPIONS,Lexington,KY
91129,CHILD DEVELOPMENT CENTER OF THE BLUEGRASS,290 ALUMNI DR.,Lexington,KY
83911,CHILDCARE NETWORK #256,3650 BOSTON RD SUITE L-1,Lexington,KY
86782,CHILDCARE NETWORK #258,1748 ALYSHEBA WAY,Lexington,KY
30899,CHILDREN'S HAVEN,736 W MAIN ST,Lexington,KY
52855,CHILDREN'S TREEHOUSE OF KNOWLEDGE,309 OHIO STREET,Lexington,KY
62511,CHILI'S #600,108 MARKETPLACE DR,Lexington,KY
60151,CHILI'S SOUTHWEST GRILL & BAR,2851 RICHMOND RD,Lexington,KY
92043,"CHILL SPOT LOUNGE, THE","680 LIMA DR, STE 150-160",Lexington,KY
31022,CHINA HUT,850 LANE ALLEN RD,Lexington,KY
52351,CHINA KING,1497 ALEXANDRIA DR.,Lexington,KY
54377,CHINA KING,1650 BRYAN STATION RD #132,Lexington,KY
70478,CHINA STAR,196 N. MARTIN LUTHER KING,Lexington,KY
35287,CHINOE PUB,1050 -C  E CHINOE RD,Lexington,KY
95866,CHINO'S DADA,2396 WOODHILL DR,Lexington,KY
96623,CHIPOTLE MEXICAN GRILL #2429,"3565 NICHOLASVILLE RD, STE 935",Lexington,KY
70890,CHIPOTLE MEXICAN GRILL #572,2905 RICHMOND ROAD,Lexington,KY
70400,CHIPOTLE MEXICAN GRILL OF CO,345 SOUTH LIMESTONE,Lexington,KY
71759,CHIPOTLE MEXICAN GRILL OF CO,1869 PLAUDIT PLACE #140,Lexington,KY
50717,CHOP HOUSE,2640 RICHMOND RD,Lexington,KY
74490,CHOPSTIX CHINESE RESTAURANT,"3340 CLAYS MILL RD., STE. 110",Lexington,KY
89212,CHRISMAN MILL WINERY,"2308 SIR BARTON WAY, STE 190",Lexington,KY
53562,CHRIST CHURCH CATHEDRAL,166 MARKET ST,Lexington,KY
30906,CHRIST THE KING SCHOOL,412 COCHRAN RD,Lexington,KY
67304,CHRYSALIS COMMUNITY CENTER,1589 HILL  RISE DRIVE,Lexington,KY
46762,CHRYSALIS HOUSE,251 E MAXWELL ST,Lexington,KY
73484,CHRYSALIS HOUSE FAMILY PROGRAM,1588 HILL RISE DR,Lexington,KY
45621,CHRYSALIS HOUSE FAMILY PROGRAM,120 CHRYSALIS CT,Lexington,KY
32256,CHUCK E CHEESE,1555 NEW CIRCLE RD,Lexington,KY
30907,CHURCH OF GOD CAMP,3500 VERSAILLES RD,Lexington,KY
38576,CHURCH OF GOD CONCESSION,3500 VERSAILLES RD,Lexington,KY
56360,CHURCH OF THE GOOD SHEPHERD,533 E MAIN ST,Lexington,KY
49981,CHUY'S LEXINGTON,3841 NICHOLASVILLE CENTER ROAD,Lexington,KY
39214,CINCO DE MAYO,122 W. MAXWELL ST.,Lexington,KY
74489,"CINEMARK USA, INC. (FAYETTE MALL)",3800 MALL ROAD,Lexington,KY
62183,CIRCLE K #3211,3470 RICHMOND ROAD,Lexington,KY
52206,CIRCLE K #3212,1396 LEESTOWN ROAD,Lexington,KY
30941,CIRCLE K #3214,3469 BUCKHORN DR,Lexington,KY
30944,CIRCLE K #3302,3130 PIMLICO PARKWAY,Lexington,KY
31984,CITGO FOOD MART,705 LOUDON AVENUE,Lexington,KY
96527,CITY BARBEQUE,2187 HARRODSBURG RD,Lexington,KY
90866,CITY BBQ,3292 RICHMOND RD.,Lexington,KY
31107,CLAMATO'S,2304 VERSAILLES RD,Lexington,KY
31312,CLARION HOTEL,1950 NEWTOWN PIKE,Lexington,KY
49627,CLARKS PUMP & SHOP #36 CHEVRON,1971 N BROADWAY,Lexington,KY
78924,CLASSIC CAKES,1896 COURTLAND DRIVE,Lexington,KY
93252,CLAWDADDY'S,128 N BROADWAY,Lexington,KY
30909,CLAYS MILL ELEMENTARY SCHOOL,2319 CLAYS MILL RD,Lexington,KY
92402,COBA,2041 RICHMOND RD,Lexington,KY
82113,COCINA EL SABOR JAROCHO,1414 VILLAGE DR.,Lexington,KY
66548,COCKTAILS BAR & GRILL,3090 TODDS RD #150,Lexington,KY
76795,COFFEA,383 ROSE STREET,Lexington,KY
85947,COFFEE HOUSE DBA MINTON'S CAFE,760 N. LIMESTONE,Lexington,KY
75004,COFFEE PUB,4401 OLD HARRODSBURG ROAD,Lexington,KY
32996,"COFFEE TIMES, INC",2571 REGENCY RD,Lexington,KY
73758,COLD STONE CREAMERY #1869,2337 SIR BARTON WAY,Lexington,KY
54656,COLES 735 MAIN,735 EAST MAIN ST,Lexington,KY
30915,COLUMBIA STEAK HOUSE,201 NORTH LIMESTONE,Lexington,KY
30956,COLUMBIA STEAKHOUSE GRILLE,2750 RICHMOND RD,Lexington,KY
32044,COMEDY OFF BROADWAY,161 LEXINGTON GRN CIRCLE #C-4,Lexington,KY
71625,COMFORT INN,5531 ATHENS-BOONESBORO ROAD,Lexington,KY
71992,COMFORT SUITES,3060 FIELDSTONE WAY,Lexington,KY
96283,COMMON GROUNDS,344 S. ML KING BLVD,Lexington,KY
47138,COMMON GROUNDS COFFEE HOUSE & CAFE',343 EAST HIGH STREET,Lexington,KY
69336,COMMONWEALTH BAPTIST COLLEGE,3440 VERSAILLES ROAD,Lexington,KY
91170,COMMONWEALTH CANTEEN,STATE MOBILE,Lexington,KY
30925,COMMUNITY ACTION COUNCIL,913 GEORGETOWN RD,Lexington,KY
99455,"COMMUNITY MONTESSORI SCHOOL, INC.",725 STONE ROAD,Lexington,KY
62888,CONCESSION #138   PAPA JOHNS,1540 UNIVERSITY DR,Lexington,KY
95896,CONFUSED CONFECTIONS,113 CLAY AVE,Lexington,KY
45419,CONSOLIDATED BAPTIST CHURCH,1625 RUSSELL CAVE RD.,Lexington,KY
32300,COOKOUT,855 S BROADWAY,Lexington,KY
44228,CORPORATE BOX,4201 VERSAILLES RD,Lexington,KY
94406,CORRISOFT,1713 JAGGIE FOX WAY,Lexington,KY
66680,COSI,1 ST. JOSEPH DR.,Lexington,KY
91928,COSI,410 W VINE STREET,Lexington,KY
73631,COSI RESTAURANT,1890 STAR SHOOT PKWY STE #195,Lexington,KY
59608,COSMIC CHARLIE'S,388 WOODLAND AVENUE,Lexington,KY
94033,COSTCO WHOLESALE,1500 FITZGERALD CT.,Lexington,KY
89763,"COUNTRY BOY BREWING, LLC",436 CHAIR AVE,Lexington,KY
69638,COUNTRY COOKIN' BY GEORGE,1801 ALEXANDRIA DR #192,Lexington,KY
74907,COUNTRY INN & SUITES,2297 EXECUTIVE DRIVE,Lexington,KY
92754,COUNTY CLUB,555 JEFFERSON ST.,Lexington,KY
30960,COURTYARD BY MARRIOTT,775 NEWTOWN CT,Lexington,KY
61875,COURTYARD BY MARRIOTT,1951 PLEASANT RIDGE DRIVE,Lexington,KY
88313,"COURTYARD CAFE, THE",800 ROSE STREET,Lexington,KY
97512,"COURTYARD DELI, THE",351 CHURCH ST,Lexington,KY
84101,COVERED ARENA DINER,4089 IRON WORKS PIKE,Lexington,KY
30961,COWBOY'S,1515 RUSSELL CAVE RD,Lexington,KY
30963,CRACKER BARREL OLD COUNTRY STORE #19,1927 STANTON WAY,Lexington,KY
38432,CRACKER BARREL OLD COUNTRY STORE #77,2220 ELKHORN RD,Lexington,KY
97511,CRANK & BOOM ICE CREAM LOUNGE,1210 MANCHESTER ST.,Lexington,KY
30965,CRAWFORD MIDDLE SCHOOL,1813 CHARLESTON DR,Lexington,KY
95185,CRAZY DOGS DELI,3101 CLAYS MILL RD STE. 401,Lexington,KY
79860,CREATIVE BEGINNINGS,2050 VERSAILLES RD. PEDS BLDG.,Lexington,KY
78681,"CREATIVE KIDS CHILD CARE, INC.",2385 HUGUENARD DRIVE,Lexington,KY
70999,CREATIVE TABLE KITCHEN & CATERING,"185 PASADENA DRIVE, SUITE 150",Lexington,KY
30966,CRESTWOOD CHRISTIAN CHILD CC,1882 BELLEFONTE DR,Lexington,KY
42866,CRITCHFIELD MEATS,2220 NICHOLASVILLE RD STE. 166,Lexington,KY
37333,CROSSINGS BANG,117 N LIMESTONE ST,Lexington,KY
88366,"CRUST, SMASHING TOMATO 3, LLC, DBA",2573 RICHMOND RD STE 170,Lexington,KY
75514,CULVER'S RESTAURANT,360 MEIJER WAY,Lexington,KY
75632,CULVER'S RESTAURANT,2161 PAUL JONES WAY,Lexington,KY
54282,CURRY HOUSE,2220 NICHOLASVILLE RD,Lexington,KY
86161,CYNTHIA'S RESTAURANT,1875 AUGUSTA DR. STE 130,Lexington,KY
86955,DAD'S FAVORITES,"820 LANE ALLEN, STE 148",Lexington,KY
95452,DAD'S FAVORITES,236 E MAIN ST,Lexington,KY
30978,DAIRY QUEEN,3509 LANSDOWNE DRIVE,Lexington,KY
31021,DAIRY QUEEN,2300 PALUMBO DRIVE,Lexington,KY
63584,DAIRY QUEEN,464 W NEW CIRCLE RD,Lexington,KY
63275,DAIRY QUEEN #309,350 VIRGINIA AVE,Lexington,KY
75722,DARAE & FRIENDS,"3459 BUCKHORN DR., #140",Lexington,KY
47139,DARIO'S,1401 HARRODSBURG RD BLDG C,Lexington,KY
65981,DARNA,130 W TIVERTON WAY STE #100,Lexington,KY
30990,DEEP SPRINGS SCHOOL,1919 BRYNELL DR,Lexington,KY
87125,DEJA VU,"485 NEW CIRCLE RD, NW",Lexington,KY
30995,"DELI MART, INC., THE",1009 GEORGETOWN ROAD,Lexington,KY
31491,DENNY'S #8766,1880 NEWTOWN PIKE,Lexington,KY
31494,DENNY'S #8770,1949 NICHOLASVILLE RD,Lexington,KY
62056,DEPOT DELICATESSEN,"5751 BRIAR HILL ROAD, BLD 226",Lexington,KY
31615,DETROIT CONEY ISLAND,825 LANE ALLEN,Lexington,KY
32515,DETROIT CONEY ISLAND,"1301 WINCHESTER RD, SUITE 81",Lexington,KY
68414,"DEVOTION ENTERPRISES, LLC",4085 HARRODSBURG ROAD,Lexington,KY
95605,DICKEY'S BBQ PIT,"1315 WINCHESTER RD., SUITE 325",Lexington,KY
49294,DISMAS CHARITIES LEXINGTON,909 GEORGETOWN ROAD,Lexington,KY
31171,DISTILLED AT GRATZ PARK,120 WEST SECOND STREET,Lexington,KY
69642,DIVA'S,1318 RUSSELL CAVE RD.,Lexington,KY
31006,DIXIE ELEMENTARY SCHOOL,1940 EASTLAND PKWY,Lexington,KY
62841,DOMINO'S,3090 HELMSDALE #300,Lexington,KY
31008,DOMINO'S PIZZA,3101 CLAYS MILL RD,Lexington,KY
47340,DOMINO'S PIZZA,828 LANE ALLEN RD,Lexington,KY
66585,DOMINO'S PIZZA  #  1406,130 TIVERTON WAY-WEST,Lexington,KY
64029,DOMINO'S PIZZA  #180,524 WEST NEW CIRCLE RD,Lexington,KY
96559,DOMINO'S PIZZA #1405,3120 PIMLICO PARKWAY #116,Lexington,KY
31016,DOMINO'S PIZZA STS PIZZA,801 EUCLID AVE,Lexington,KY
53940,DONATO'S,728 E. MAIN STREET,Lexington,KY
61333,DONATO'S,3120 MAPLELEAF DRIVE,Lexington,KY
62159,DONATO'S PIZZA,265 NEW CIRCLE ROAD,Lexington,KY
66256,DONATO'S PIZZA,"3851 KENESAW DRIVE, STE. A",Lexington,KY
56132,DONATO'S PIZZA   BEAUMONT CTR.,3070 LAKECREST CIRCLE,Lexington,KY
32440,DONG YANG MARKET,"3101 CLAYS MILL RD., STE 102",Lexington,KY
31018,DONUT DAYS,185 SOUTHLAND DRIVE,Lexington,KY
69332,DOODLES,262 NORTH LIMESTONE,Lexington,KY
72277,DOUBLE H BBQ,1244 VERSAILLES RD,Lexington,KY
90402,DOUBLE H BBQ,404 W MAIN STREET,Lexington,KY
37356,DOUBLE TREE GUEST SUITES,2601 RICHMOND ROAD,Lexington,KY
87496,DOUGHBY'S,561 S BROADWAY STE 110,Lexington,KY
99107,D'S CAFE,1818 BRYAN STATION RD,Lexington,KY
84961,DUDLEY'S RESTAURANT,259 W SHORT ST,Lexington,KY
65669,DUNBAR BASEBALL CONCESSION,1600 MAN-0-WAR,Lexington,KY
67302,DUNBAR FOOTBALL CONCESSION,1600 MAN O'WAR BLVD.,Lexington,KY
68558,DUNBAR HIGH SCHOOL SOFTBALL,1600 MAN-O-WAR BLVD.,Lexington,KY
82346,DUNKIN DONUTS,1306 SOUTH BROADWAY,Lexington,KY
94470,DUNKIN DONUTS,4000 TERMINAL DR,Lexington,KY
96334,DUNKIN DONUTS,"2901 RICHMOND RD, STE 160",Lexington,KY
98047,DUNKIN DONUTS,405 S LIMESTONE,Lexington,KY
55114,DUPREE CATERING & EVENTS  DBA,1006 DELAWARE AVENUE,Lexington,KY
32022,DURANGO'S MEXICAN RESTAURANT,"2121 RICHMOND ROAD, SUITE 150",Lexington,KY
96605,EAST 7TH ST. MISSION,530 N.MARTIN LUTHER KING BLVD,Lexington,KY
93827,EASTERN STATE HOSPITAL   KITCHEN,1350 BULL LEA LANE,Lexington,KY
97047,EASTLAND PARK CHURCH OF THE NAZARENE,1605 JENNIFER RD,Lexington,KY
75036,EDIBLE ARRANGEMENTS,"3101 RICHMOND ROAD, STE. 304",Lexington,KY
31044,EDUCARE LEARNING CENTER,2832 SNOW ROAD,Lexington,KY
93771,EDUCATE CAFE,251 SCOTT STREET,Lexington,KY
69420,EDYTHE J HAYES MIDDLE SCHOOL,260 RICHARDSON PLACE,Lexington,KY
35799,EFS SOUTH BROADWAY,1201 SOUTH BROADWAY,Lexington,KY
95479,EIFFEL PIZZA,3449 BUCKHORN DR STE B,Lexington,KY
96279,EINSTEIN'S BAGELS,505 ROSE ST,Lexington,KY
96822,EL ANTOJITO,565 E NEW CIRCLE RD. STE #5,Lexington,KY
76884,EL CHARRO AUTHENTIC MEXICAN CUISINE,4371 OLD HARRODSBURG RD STE 180/190,Lexington,KY
80751,EL COSTENO,1424 VERSAILLES RD,Lexington,KY
86918,EL GRAN TAKO #2,1801 ALEXANDRIA DR. # 156,Lexington,KY
31592,EL HABANERO LOKO,102 W VINE ST,Lexington,KY
32479,EL MALECON,757 EAST NEW CIRCLE RD.,Lexington,KY
97621,EL MANGO NIEVERIA & SNACKS,1414 VILLAGE DR,Lexington,KY
81712,EL MARIACHI MEXICAN RESTAURANT,125 TOWNE CENTER DR STE 115,Lexington,KY
67778,EL MILAGRO DOS,1545 ALEXANDRIA DRIVE # 1,Lexington,KY
69603,EL RANCHO TAPATIO TAQUERIA &,144 BURT ROAD,Lexington,KY
74015,EL REY DE LOS POLLOS & EL REY DE MARISCOS,1485-1 ALEXANDRIA DR.,Lexington,KY
31012,EL SABOR DE MEXICO RESTAURANT & TAYUENA,1505 RUSSELL CAVE RD.,Lexington,KY
96866,EL SABROSO,1445 VILLAGE DR,Lexington,KY
64268,EL TORO RESTAURANT,1917 NICHOLASVILLE ROAD,Lexington,KY
89752,ELLO'S ON BROADWAY,406 S BROADWAY STE 200,Lexington,KY
62113,EMBASSY SUITES LEXINGTON,1801 NEWTOWN PIKE,Lexington,KY
81390,EMBRACE UNITED METHODIST CHURCH,1015 N LIMESTONE ST.,Lexington,KY
72708,EMERSON CENTER,2050 GARDEN SPRINGS DR,Lexington,KY
96350,EMPYREAL ARTISAN ALES,1224 MANCHESTER ST,Lexington,KY
76396,ENOTECA,"191 JEFFERSON STREET, 1ST FLOOR",Lexington,KY
58718,ENTERTAINMENT CENTER,4201 VERSAILLES RD,Lexington,KY
86708,EQUESTRIAN ROOM,4201 VERSAILLES RD,Lexington,KY
86714,EVERGREEN BAPTIST CHURCH,749 FLORIDA ST.,Lexington,KY
31624,EXPRESS 11,430 WEST VINE STREET,Lexington,KY
87760,EXPRESS 34,430 W VINE ST.,Lexington,KY
35860,F & D MARKET,573 ELM TREE LANE,Lexington,KY
98067,FAILTE IRISH IMPORTS,113 S UPPER ST,Lexington,KY
83768,FAIRFIELD INN & SUITES,2100 HACKNEY PLACE,Lexington,KY
42875,FAITH LUTHERAN CHILD CARE MINISTRIES,1000 TATES CREEK RD,Lexington,KY
90818,FAMILY CARE CENTER (LFUCG),1135 RED MILE PLACE,Lexington,KY
60888,FARM MARKET,1079 E NEW CIRCLE RD,Lexington,KY
31073,FASIG TIPTON BAR,2400 NEWTOWN PIKE,Lexington,KY
31072,FASIG TIPTON COFFEE SHOP,2400 NEWTOWN PIKE,Lexington,KY
31070,FASIG TIPTON MAIN DINING,2400 NEWTOWN PIKE,Lexington,KY
30942,FAST STOP,1392 TRENT BLVD,Lexington,KY
47556,FAYETTE CO. CO OP EXT. SERVICE,1140 RED MILE PLACE,Lexington,KY
51962,FAYETTE COUNTY PRESCHOOL,465 SPRINGHILL DRIVE,Lexington,KY
75019,FAYETTE REG. JUV. DET. CTR.,3475 SPURR ROAD,Lexington,KY
43388,FAZOLI'S   #1607,3775 HARRODSBURG ROAD,Lexington,KY
35843,FAZOLI'S #1601,1951 NORTH BROADWAY,Lexington,KY
31104,FAZOLI'S #1605,2195 -A RICHMOND ROAD,Lexington,KY
32207,FAZOLI'S #1606,130 WINSLOW STREET,Lexington,KY
46590,FAZOLI'S #1624,2200 NICHOLASVILLE RD.,Lexington,KY
50583,FAZOLI'S #1658,4204 SARON DR.,Lexington,KY
59209,FAZOLI'S #1785,1840 ALYSHEBA WAY,Lexington,KY
79784,FEED THE HUNGRY,811 BRYAN AVENUE,Lexington,KY
89221,FIELD CLUB   LOWER LEVEL,1540 UNIVERSITY DR,Lexington,KY
89403,FIREHOUSE SUBS,1781 SHARKEY WAY,Lexington,KY
95814,FIREHOUSE SUBS,"101 SAND LAKE DR, SUITE 150",Lexington,KY
77652,FIREHOUSE SUBS #301,"535 S UPPER ST., STE. 175",Lexington,KY
54104,FIRST CHOICE CHILD CARE CENTER,505 KINGSTON RD,Lexington,KY
87711,FIRST PRESBYTERIAN CHURCH,171 MARKET ST,Lexington,KY
69007,FIRST UNITED METHODIST CHURCH,200 WEST HIGH STREET,Lexington,KY
91424,FIRST WATCH,3071 RICHMOND RD.,Lexington,KY
95028,FIRST WATCH RESTAURANT,2251 WAR ADMIRAL WAY STE 130,Lexington,KY
93629,FIRST WATCH SIMPSON CENTER,"1080 S BROADWAY, STE 301",Lexington,KY
59137,FIVE GUYS,2467 NICHOLASVILLE RD STE 120,Lexington,KY
90334,FIVE GUYS BURGERS & FRIES,3090 HELMSDALE PLACE STE. 370,Lexington,KY
49093,FOLIAGE CHINESE RESTAURANT,3650 BOSTON RD  STE H,Lexington,KY
98342,FRESH FOOD COMPANY,400 HILLTOP AVE,Lexington,KY
76794,"FRESH MARKET, THE",3387 TATES CREEK ROAD,Lexington,KY
45420,FRIENDSHIP TOWERS   SAYRE,CHRISTIAN VILLAGE,Lexington,KY
31101,FRISCH'S #148,1927 HARRODSBURG RD,Lexington,KY
94359,FRISCH'S RESTAURANT,1849 ALYSHEBA WAY,Lexington,KY
67306,FRO JO'S,192 LEXINGTON GREEN CIRCLE,Lexington,KY
30851,FUNNEL CAKE #1   GATE 3 LOWER LEVEL,1540 UNIVERSITY DR,Lexington,KY
30856,FUNNEL CAKE #3   GATE 1 UPPER LEVEL,1540 UNIVERSITY DR,Lexington,KY
30858,FUNNEL CAKE #4   GATE 9 UPPER LEVEL,1540 UNIVERSITY DR,Lexington,KY
34395,FUNNEL CAKE  2   GATE 10 LOWER LEVEL,1540 UNIVERSITY DRIVE,Lexington,KY
31613,FUSION,135 GRAHAM AVE,Lexington,KY
31129,GARDEN SPRINGS, ELEMENTARY SCHOOL,Lexington,KY
31127,GARDEN SPRINGS DAY SCHOOL,2033 GARDEN SPRINGS DRIVE,Lexington,KY
64667,GATTI TOWN,2524 NICHOLASVILLE RD,Lexington,KY
30790,GAY BREWER JR CRS   PICADOME,469 PARKWAY DR,Lexington,KY
70021,GENJI LLC. SUSHI BAR,"161 LEXINGTON GREEN CIR, STE A2",Lexington,KY
31133,GEORGE'S DELI AND GROCERY,161 NORTH LIMESTONE,Lexington,KY
86549,"GIFT BOX &  TEA ROOM, THE",3330 PARTNER PLACE,Lexington,KY
85020,GIGI'S CUPCAKES,2703 RICHMOND RD STE 120,Lexington,KY
64102,GIOVANNI'S OF LEXINGTON,128 E. NEW CIRCLE RD,Lexington,KY
48510,GIOVONNI'S PIZZA,4214 SARON DR,Lexington,KY
44790,GIUSEPPE'S,4456 NICHOLASVILLE ROAD,Lexington,KY
31144,GLENDOVER ELEMENTARY SCHOOL,710 GLENDOVER RD,Lexington,KY
94895,GLUTEN FREE MIRACLES,145 BURT RD #20,Lexington,KY
63610,GODIVA CHOCOLATIER INC,3401 NICHOLASVILLE RD K-5,Lexington,KY
65285,GOLD STAR,1900 PLAUDIT PLACE,Lexington,KY
31637,GOLD STAR CHILI,430 W. VINE ST.,Lexington,KY
32222,GOLD STAR CHILI,350 FOREMAN AVE,Lexington,KY
42487,GOLD STAR CHILI, FAYETTE MALL,Lexington,KY
93421,GOLD STAR CHILI,3735 PALOMAR CENTER DR STE 10,Lexington,KY
59210,GOLDEN BUFFET,2907 RICHMOND RD,Lexington,KY
66606,GOLDEN CORRAL,185 E NEW CIRCLE RD,Lexington,KY
48160,GOLDEN WOK,3101 RICHMOND ROAD  # 302,Lexington,KY
62652,GOOD FOODS MARKET & CAFE,455 D  SOUTHLAND DRIVE,Lexington,KY
75079,GOODFELLA'S PIZZA,110 N MILL STREET,Lexington,KY
84546,GOODFELLAS PIZZERIA,333 S LIMESTONE,Lexington,KY
70989,GORDON FOODS MARKETPLACE STORE,1856 PLAUDIT PLACE,Lexington,KY
68357,GOURMET CAFE & CATERING,300 WEST VINE STREET # 200,Lexington,KY
90207,GRAETER'S ICE CREAM,836 EUCLID AVE,Lexington,KY
92948,GRAETER'S ICE CREAM,1925 JUSTICE DR. SUITE 180,Lexington,KY
97492,GRAND RESERVE,903 MANCHESTER ST #190,Lexington,KY
74801,GRAND TAKO,340 E. NEW CIRCLE ROAD STE.100,Lexington,KY
32459,GREAT BAGEL,396 WOODLAND AVENUE,Lexington,KY
31180,GREAT CHINA,944 WINCHESTER ROAD,Lexington,KY
96491,GREEK ORTHODOX CHURCH,3001 TATES CREEK RD,Lexington,KY
31626,GREEN CORNER STAND,430 W VINE STREET,Lexington,KY
82657,GREEN CUSTARD A,430 W. VINE ST.,Lexington,KY
82656,GREEN CUSTARD B,430 W. VINE ST.,Lexington,KY
38434,GREENBRIER CC SNACK BAR,2179 BAHAMA ROAD,Lexington,KY
31187,GREENBRIER COUNTRY CLUB,2179 BAHAMA ROAD,Lexington,KY
64695,GREEN'S CAFE,630 E NEW CIRCLE RD,Lexington,KY
96281,GREENS TO GO,220 AVENUE OF CHAMPIONS,Lexington,KY
63834,GREENTREE RESTAURANT,521 W  SHORT ST,Lexington,KY
32962,"GREY GOOSE, THE",170 JEFFERSON ST,Lexington,KY
30691,GRIFFIN GATE MARRIOTT RESORT AND SPA,1800 NEWTOWN PIKE,Lexington,KY
33185,GROWING TOGETHER PRE SCHOOL,599 LIMA DRIVE,Lexington,KY
92183,GUCKENHEIMER TEMPURPEDIC,1000 TEMPUR WAY,Lexington,KY
88877,GUESTHOUSE INN & SUITES,2261 ELKHORN ROAD,Lexington,KY
68007,GUMBO YA YA,1080 SOUTH BROADWAY # 107,Lexington,KY
55660,GYROZ EATERY,393 WALLER AVE #16,Lexington,KY
33007,H & M MARKET,1220 N LIMESTONE ST,Lexington,KY
64988,HALLIS ELEMENTARY SCHOOL,915 MURRAY DR. SUITE 342-354,Lexington,KY
63381,HAMBURG PAVILION STADIUM 16,1949 STARSHOOT ROAD,Lexington,KY
88808,HAMPTON INN,2251 ELKHORN RD.,Lexington,KY
71769,HAMPTON INN   LEXINGTON,3060 LAKECREST CIRCLE,Lexington,KY
52854,HAN COOK IN,1030 S BROADWAY  STE #2,Lexington,KY
68804,HAN WOO RI RESTAURANT,371 SOUTH LIMESTONE,Lexington,KY
57694,HANANOKI JAPANESE STEAKHOUSE & SUSHI,3284 EAGLE VIEW LANE,Lexington,KY
31651,HANNA'S ON LIME,214 SOUTH LIMESTONE STREET,Lexington,KY
62853,HAPPY AND HEALTHY WAYS,"312 S ASHLAND AVE, STE 100",Lexington,KY
78765,HAPPY CHINA,1301 WINCHESTER RD. #109,Lexington,KY
38575,HAPPY DRAGON,1510 NEWTOWN PIKE,Lexington,KY
87249,HAPPY PANDA,117 TOWN CENTER DR,Lexington,KY
31197,HARDEE'S,2990 RICHMOND RD,Lexington,KY
31198,HARDEE'S,1125 WINCHESTER ROAD,Lexington,KY
31284,HARDEE'S,202 NEW CIRCLE RD,Lexington,KY
31287,HARRISON ELEMENTARY SCHOOL,161 BRUCE ST,Lexington,KY
64432,HARTLAND HILLS,1005 TANBARK ROAD,Lexington,KY
31770,HARVEY'S,200 W MAIN ST,Lexington,KY
98558,HEALTHY WAY LEX,460 SOUTHLAND DR,Lexington,KY
92623,HEAVENLY HAM,"171 W LOWRY LANE, SUITE 180",Lexington,KY
91842,HENRY CLAY BASEBALL BOOSTER'S,2100 FONTAINE RD.,Lexington,KY
31295,HENRY CLAY HIGH SCHOOL,2100 FONTAINE RD,Lexington,KY
90782,HENRY CLAYS PUBLIC HOUSE,112 N UPPER ST.,Lexington,KY
31114,HERBE CAFE,4300 WINCHESTER RD,Lexington,KY
94973,HIBACHI EXPRESS,565 S LIMESTONE,Lexington,KY
96932,"HIGH ON ART & COFFEE, LLC",523 E. HIGH ST,Lexington,KY
64591,HIGH STREET NEIGHBORHOOD CENTER,228 S LIMESTONE,Lexington,KY
32443,HILARY J. BOONE FACULTY CLUB,500 ROSE ST,Lexington,KY
62083,HILTON GARDEN INN,1973 PLAUDIT PLACE,Lexington,KY
32196,HILTON LEXINGTON DOWNTOWN,369 W. VINE STREET,Lexington,KY
31309,HILTON SUITES OF LEX GREEN,245 LEXINGTON GREEN CIRCLE,Lexington,KY
79638,HOLIDAY INN EXPRESS,1000 EXPORT ST.,Lexington,KY
81432,HOLIDAY INN EXPRESS,1780 SHARKEY WAY,Lexington,KY
97441,HOLIDAY INN EXPRESS & SUITES,2255 BUENA VISTA RD,Lexington,KY
96983,HOME 2 SUITES,126 EAST LOWRY LANE,Lexington,KY
31350,HOMESTEAD NURSING HOME,1608 VERSAILLES RD,Lexington,KY
95454,HOMETOWN MANOR OF LEXINGTON,2141 EXECUTIVE DR,Lexington,KY
74525,HOMEWOOD SUITES,2033 BRYANT RD,Lexington,KY
68322,HOMEWOOD SUITES FOOD,249 RUCCIO WAY,Lexington,KY
36806,"HONEY BAKED HAM COMPANY, THE",2600 NICHOLASVILLE RD,Lexington,KY
98676,HONNAH LEE BUBBLE TEA,1983 HARRODSBURG,Lexington,KY
45280,HOOTER'S,3101 RICHMOND ROAD STE 15,Lexington,KY
77360,HOP CAT,410 W SHORT STREET,Lexington,KY
65316,HOPE CENTER FOR WOMEN,1524 VERSAILLES ROAD,Lexington,KY
95369,HORSEPARK BP,4538 GEORGETOWN RD,Lexington,KY
31361,HORSESHOES SALOON & STEAKHOUSE,1987 NORTH BROADWAY,Lexington,KY
67893,HUARACHE PIZZA,1316 RUSSELL CAVE RD.,Lexington,KY
94256,"HUB HOLDING COMPANY, LLC, THE",153 TRADE ST. STE 120,Lexington,KY
31367,HUNAN RESTAURANT,115 SOUTHLAND DRIVE,Lexington,KY
78800,HYATT PLACE,2001 BRYANT ROAD,Lexington,KY
71881,HYATT PREP KITCHEN,410 W VINE ST.,Lexington,KY
31369,HYATT REGENCY MAIN KITCHEN,401 W  HIGH ST,Lexington,KY
69226,I CHING ASIAN WITH ATTITUDE,"2312 SIR BARTON WAY, STE. 110",Lexington,KY
31465,IDLE HOUR COUNTRY CLUB,1815 RICHMOND RD,Lexington,KY
31467,IDLE HOUR SNACK BAR,1815 RICHMOND ROAD,Lexington,KY
75988,IHOP RESTAURANT,1505 E NEW CIRCLE ROAD,Lexington,KY
78866,IMANI FAMILY LIFE CENTER,1555 GEORGETOWN RD.,Lexington,KY
31469,IMMANUEL BAPTIST CHURCH,3100 TATES CREEK ROAD,Lexington,KY
38744,INDI'S FAST FOOD,670 NORTH BROADWAY,Lexington,KY
36232,INSOMNIA COOKIES,433 JERSEY ST,Lexington,KY
49479,INTERMEZZO CAFE,120 PATTERSON DRIVE,Lexington,KY
74274,IRON CHEF,"3090 OLD TODDS ROAD, STE. #130",Lexington,KY
31476,IROQUOIS HUNT CLUB,7496 GRIMES MILL ROAD,Lexington,KY
81252,J.J. MC BREWSTER'S,3101 CLAYS MILL RD STE 301,Lexington,KY
63380,JACKPOT BINGO SNACKBAR,1230 EASTLAND PARKWAY,Lexington,KY
90691,JACOBS CAFETERIA (HOPE CENTER),299 W LOUDON AVE,Lexington,KY
32485,JALAPENO'S,295 W. NEW CIRCLE ROAD,Lexington,KY
94476,JALAPENO'S,3130 MAPLE LEAF DR SUITE 160,Lexington,KY
54852,JALAPENO'S RESTAURANT,"1030 S. BROADWAY, SUITE 200",Lexington,KY
78254,JAMBA JUICE,"535 S. UPPER ST., STE. 125",Lexington,KY
31486,JAMES LANE ALLEN ELEM SCHOOL,1901 APPOMATTOX RD,Lexington,KY
99139,JASMINE RICE STATE MOBILE,911 WINCHESTER RD,Lexington,KY
55701,JASMINE RICE THAI RESTAURANT,911 WINCHESTER RD,Lexington,KY
31693,"JAZZY G'S BAR & GRILL, LLC",209 OLD GEORGETOWN STREET,Lexington,KY
92381,JDI GRILLE & TAVERN,319 CEDAR ST,Lexington,KY
75702,JEAN FARRIS WINERY,6825 OLD RICHMOND ROAD,Lexington,KY
98977,JERSEY MIKES SUBS,"867 S BROADWAY, SUITE 120",Lexington,KY
31499,JESSE CLARK MIDDLE SCHOOL,3341 CLAYS MILL RD,Lexington,KY
59138,JET'S PIZZA,4222 SARON DRIVE,Lexington,KY
74601,JET'S PIZZA,"1030 S BROADWAY, #8",Lexington,KY
88473,JET'S PIZZA,"3901 HARRODSBURG RD., STE 120",Lexington,KY
94938,JET'S PIZZA,101 SAND LAKE DR STE 110,Lexington,KY
97370,JIMMY JOHNS,130 W TIVERTON ST #115,Lexington,KY
30950,JIMMY JOHN'S,1397 W MAIN STREET,Lexington,KY
64873,JIMMY JOHN'S,3130 MAPLELEAF DRIVE,Lexington,KY
80476,JIMMY JOHN'S,333 EAST MAIN ST.,Lexington,KY
87515,JIMMY JOHN'S,3735 PALOMAR CTR DR #20,Lexington,KY
89773,JIMMY JOHN'S,2535 NICHOLASVILLE STE #130,Lexington,KY
93836,JIMMY JOHN'S,547 EUCLID AVE. 6,Lexington,KY
35840,JIMMY JOHN'S GOURMET SANDWICH,385 S LIMESTONE ST,Lexington,KY
75992,JIMMY JOHN'S SANDWICH SHOP,"399 WALLER AVENUE, STE. 120",Lexington,KY
69163,JIN JIN CHINESE RESTAURANT,1060 CHINOE RD PLAZA #148,Lexington,KY
38962,JOE BOLOGNA RESTAURANT,120 W MAXWELL ST,Lexington,KY
30792,JOELLA'S HOT CHICKEN,101 COCHRAN RD,Lexington,KY
48396,JOSEPH BETH BOOKSELLERS INC.,161 LEXINGTON GREEN CIRCLE,Lexington,KY
32267,JOSIE'S GRAB N GO,821 CHEVY CHASE PLACE,Lexington,KY
31508,JOYLAND BOWL,2361 PARIS PIKE,Lexington,KY
32511,JULEP CUP AT THE WOODLANDS,111 WOODLAND AVE,Lexington,KY
31519,JULIUS MARKS ELEMENTARY SCHOOL,3277 PEPPERHILL RD,Lexington,KY
74909,JUMP START ENRICHMENT PROGRAM,435 RACE STREET,Lexington,KY
95726,KAEDE MARKET,"4371 OLD HARRODSBURG RD, STE 105",Lexington,KY
76416,KARE BEARS,"3155 CUSTER DRIVE, SUITE A",Lexington,KY
93864,KARE BEARS,1697 PEABODY WAY,Lexington,KY
62729,KASP AUCTION,5921 ATHENS-BOONESBORO,Lexington,KY
40751,KEARNEY HILLS GOLF CONCESSION STAND,3403 KEARNEY ROAD,Lexington,KY
73839,KEBAB MANIA,3340 CLAYS MILL RD #140,Lexington,KY
65435,KENTUCKY ALE TAP ROOM,207 LEGENDS LANE,Lexington,KY
90472,KENTUCKY ALE TAP ROOM,4000 TERMINAL DR.,Lexington,KY
64847,KENTUCKY BASKETBALL ACADEMY,273 RUCCIO WAY,Lexington,KY
45109,KENTUCKY BRATS & DOGS,3330 PARTNER PLACE   STE #19,Lexington,KY
31625,KENTUCKY CATTLEMEN,430 W VINE STREET,Lexington,KY
31546,KENTUCKY FRIED CHICKEN,1015 WINCHESTER ROAD,Lexington,KY
31547,KENTUCKY FRIED CHICKEN,2205 VERSAILLES ROAD,Lexington,KY
31549,KENTUCKY FRIED CHICKEN,1494 BOARDWALK,Lexington,KY
31582,KENTUCKY FRIED CHICKEN,2401 NICHOLASVILLE ROAD,Lexington,KY
31585,KENTUCKY FRIED CHICKEN,3030 RICHMOND ROAD,Lexington,KY
33170,KENTUCKY FRIED CHICKEN,4141 TATES CREEK ROAD,Lexington,KY
62727,KENTUCKY INDOOR SOCCER & SPORTS,404 SPORTING CT,Lexington,KY
96116,KENTUCKY NATIVE CAFE,417 E MAXWELL STREET,Lexington,KY
30775,"KETCH, THE",2012 REGENCY RD,Lexington,KY
64768,KID'S CAFE,237 E 5TH STREET,Lexington,KY
31617,KID'S HOUSE CHILDCARE CENTER,1451 BRYAN AVENUE,Lexington,KY
62191,"KIDS KARE, INC.",2094 HARRODSBURG ROAD,Lexington,KY
48565,KID'S PLACE SNACK SHACK,3992 W. TIVERTON COURT,Lexington,KY
61674,KIDS R KIDS,3271 BEAUMONT CENTRE CIRCLE,Lexington,KY
56507,KIDS 'R' KIDS,131 N. EAGLE CREEK,Lexington,KY
80467,KIDS UNLIMITED,1365 DEVONPORT DRIVE,Lexington,KY
68005,KIDS UNLIMITED LEARNING CTR,1527 N LIMESTONE ST,Lexington,KY
30573,KIDS N KAPERS NURSERY,1896 COURTLAND,Lexington,KY
96054,"KIDZ CLUB, THE",2200 REGENCY RD,Lexington,KY
77853,KIDZ KONNECTION CHILD CARE,"1020 INDUSTRY RD., STE. 26",Lexington,KY
31554,KINDER CARE LEARNING CTR #936,2611 WILHITE DR,Lexington,KY
31553,KINDER CARE LEARNING CTR #963,3199 CUSTER DRIVE,Lexington,KY
31556,KINDERCARE NURSERY,628 WELLINGTON WAY,Lexington,KY
52248,KING OF FOOD,"208 LEGENDS LANE, STE 105",Lexington,KY
30845,KITCHEN SUITE # 409   UPPER LEVEL,1540 UNIVERSITY DR,Lexington,KY
30853,KITCHEN SUITE #435   UPPER LEVEL,1540 UNIVERSITY DR,Lexington,KY
30844,KITCHEN SUITE #549   UPPER LEVEL,1540 UNIVERSITY DR,Lexington,KY
34387,KITCHEN SUITE 509   UPPER LEVEL,1540 UNIVERSITY DR,Lexington,KY
96278,KLAIR II,318 HILLTOP AVENUE,Lexington,KY
96427,KLAIR II COMMISSARY,318 HILLTOP AVE,Lexington,KY
83492,KNOB CREEK BOURBON LOUNGE,4000 TERMINAL DR,Lexington,KY
59139,KOREANA RESTAURANT,2360 WOODHILL DR  #120,Lexington,KY
31564,KROGER L 347,4014 TATES CREEK RD,Lexington,KY
31562,KROGER L 352,2335 NICHOLASVILLE RD,Lexington,KY
50117,KROGER L 359,1650 BRYAN STATION RD,Lexington,KY
31565,KROGER L 361,1808 ALEXANDRIA DR,Lexington,KY
40343,KROGER L 371,3650 BOSTON ROAD,Lexington,KY
33271,KROGER L 407,3101 RICHMOND ROAD,Lexington,KY
44650,KROGER L 721,4750 HARTLAND PARKWAY,Lexington,KY
67895,KROGER L 737,1051 CHINOE RD,Lexington,KY
83293,KROGER L 767,3175 BEAUMONT CENTRE CIRCLE,Lexington,KY
79572,KROGER L 768,1600 LEESTOWN RD.  SUITE 150,Lexington,KY
31561,KROGER L 784,704 EUCLID AVE,Lexington,KY
70142,KRUNCHY KRISPY GROWN CHICKEN,"600 NORTH LIMESTONE, STE A",Lexington,KY
66977,KY FRIED CHICKEN PIZZA HUT,1907 PLAUDIT PLACE #30,Lexington,KY
63153,LA CABANA,1414 BRYAN AVE,Lexington,KY
31132,LA CUEVA BAR & GRILL LLC,1765 ALEXANDRIA DR,Lexington,KY
59609,LA GUADALUPANA,1533 EASTLAND PKWY. #8,Lexington,KY
98745,LA MADALEINE,400 HILLTOP,Lexington,KY
63640,LA MARQUESA,165 EAST REYNOLDS RD,Lexington,KY
97091,LA MICHOACANA DE LEXINGTON,1801 ALEXANDRIA DR STE 164,Lexington,KY
43559,LA PETITE ACADEMY,1009 WELLINGTON WAY,Lexington,KY
98035,LA PETITE DELICAT,445 S ASHLAND AVE,Lexington,KY
88182,LA PRINCESA SUPER MARCADO,1430 VILLAGE DR,Lexington,KY
31007,LA UNICA,1429 VILLAGE DR,Lexington,KY
31595,LAFAYETTE AT COUNTRY PLACE,690 MASON HEADLEY ROAD,Lexington,KY
31597,LAFAYETTE CHILD CARE,1836 CLAYS MILL ROAD,Lexington,KY
31600,LAFAYETTE HIGH SCHOOL,400 REED LN,Lexington,KY
90689,LAFAYETTE HS SOFTBALL CONCESSION,401 REED LANE,Lexington,KY
31602,LAKESIDE GOLF COURSE SNACK BAR,3725 RICHMOND ROAD,Lexington,KY
31605,LANSDOWNE ELEMENTARY SCHOOL,336 REDDING RD,Lexington,KY
94230,"LANTERN AT MORNING POINTE OF LEXINGTON, THE",225 RUCCIO WAY,Lexington,KY
92801,LAPETITE CREPERIE,120 SYCAMORE RD.,Lexington,KY
96992,LAQUINTA INN & SUITES,100 CANEBRAKE DRIVE,Lexington,KY
93445,LATIN LEX LOUNGE,1439 ALEXANDRIA DR,Lexington,KY
69296,LE DEAUVILLE,199 NORTH LIMESTONE,Lexington,KY
49170,LE MATIN BAKERY & ZUNI CAFE,890 E HIGH ST,Lexington,KY
31652,LEARNING CENTER OF LINLEE,2420 SPURR ROAD,Lexington,KY
76026,"LEARNING EXPERIENCE, THE",2501 SANDERSVILLE ROAD,Lexington,KY
31067,LEE'S FAM. RECI. CHICKEN #7470,1487 BOARDWALK DRIVE,Lexington,KY
31069,LEE'S FAM. RECI. CHICKEN #7472,3014 RICHMOND ROAD,Lexington,KY
31610,LEE'S FAM. RECI. CHICKEN #7474,1318 VERSAILLES ROAD,Lexington,KY
75308,LEE'S GARDEN,"130 W. TIVERTON WAY, #190",Lexington,KY
75979,LEE'S GARDEN,"680 LIMA DRIVE, #110",Lexington,KY
31612,LEESTOWN MIDDLE SCHOOL,2010 LEESTOWN RD,Lexington,KY
99386,"LEMON TREE, THE",135 GRAHAM AVENUE,Lexington,KY
31635,LEX CNTR CORP   MAIN COMMISSARY,430 W VINE ST,Lexington,KY
31636,LEX CNTR CORP MAIN EXPOSITION CENTER,430 WEST VINE STREET,Lexington,KY
31534,LEX KY ROOM,4201 VERSAILLES RD.,Lexington,KY
51713,LEXINGTON BAPTIST TEMPLE DAYCARE,1100 ARMSTRONG MILL ROAD,Lexington,KY
63151,LEXINGTON BEERWORKS,213 NORTH LIMESTONE,Lexington,KY
31648,LEXINGTON C.C. SUMMER HOUSE,2550 PARIS PIKE,Lexington,KY
90416,LEXINGTON CATHOLIC H.S. BASEBALL CONCESSION,2250 CLAYS MILL RD,Lexington,KY
62815,LEXINGTON CATHOLIC HIGH SCHOOL,2250 CLAYS MILL RD,Lexington,KY
65010,LEXINGTON CATHOLIC HIGH SCHOOL,2250 CLAYS MILL RD,Lexington,KY
31619,LEXINGTON CATHOLIC SR HIGH,2250 CLAYS MILL RD,Lexington,KY
31639,LEXINGTON COUNTRY CLUB,2550 PARIS PIKE,Lexington,KY
31640,LEXINGTON COUNTRY PLACE,700 MASON HEADLEY ROAD,Lexington,KY
90339,LEXINGTON COURTYARD,3100 WALL STREET,Lexington,KY
69339,LEXINGTON DINER,124 NORTH UPPER,Lexington,KY
72011,LEXINGTON FAIRFIELD INN & SUITES,3050 LAKECREST CIRCLE,Lexington,KY
31641,LEXINGTON ICE CENTER,560 EUREKA SPRINGS DRIVE,Lexington,KY
58584,LEXINGTON JUNIOR ACADEMY,968 LANE ALLEN RD,Lexington,KY
31140,LEXINGTON RESCUE MISSION,444 GLEN ARVIN AVE,Lexington,KY
86108,LEXINGTON RESIDENCE INN,3110 WALL STREET,Lexington,KY
62513,"LEXINGTON ROOSTERS, LLC",124 MARKETPLACE DRIVE,Lexington,KY
31643,"LEXINGTON SCHOOL, THE",1050 LANE ALLEN RD,Lexington,KY
77815,LEXINGTON SEAFOOD MARKET,867 E. HIGH STREET,Lexington,KY
30883,LEXINGTON TENNIS CLUB SNACKBAR,410 REDDING ROAD,Lexington,KY
31649,LEXINGTON TRADITIONAL MAGNET SCHOOL,350 N LIMESTONE ST,Lexington,KY
93890,LEXMARK CENTER FOR CHILDREN,500 PARK PLACE,Lexington,KY
85076,LEXUS DEALERSHOP,1264 E. NEW CIRCLE RD,Lexington,KY
82073,LIBERTY ELEMENTARY SCHOOL,2585 LIBERTY ROAD,Lexington,KY
63161,LIBERTY RIDGE SENIOR LIVING,701 LIBERTY RIDGE LN,Lexington,KY
66979,LIMESTONE BLUE,133 NORTH LIMESTONE,Lexington,KY
30874,LINKBELT,2651 PALUMBO DRIVE,Lexington,KY
72763,LIQUOR BARN,1837 PLAUDIT PLACE,Lexington,KY
54922,LIQUOR BARN   CORNER DELI,921 BEAUMONT CENTRE PKWY,Lexington,KY
96689,LITTLE BEGINNERS CHILD DEVELOPMENT CENTER,474 STONE RD,Lexington,KY
96773,LITTLE CAESAR'S,3031 RICHMOND RD #110,Lexington,KY
48865,LITTLE CAESAR'S PIZZA,2003 VERSAILLES ROAD,Lexington,KY
62854,LITTLE CAESAR'S PIZZA,3601 B WALDEN DRIVE,Lexington,KY
66936,LITTLE CAESAR'S PIZZA,3735 PALOMAR CTR #70,Lexington,KY
74414,LITTLE CAESAR'S PIZZA,135 E NEW CIRCLE RD  #110,Lexington,KY
31760,LITTLE WONDER'S DAYCARE OF LEXINGTON,1961 CAMBRIDGE DRIVE,Lexington,KY
75331,"LOCAL TACO, THE",315 S LIMESTONE,Lexington,KY
98142,LOCALS,701 NATIONAL AVE.,Lexington,KY
63097,LOGAN'S ROADHOUSE,1908 PAVILLION WAY,Lexington,KY
32481,LOGAN'S ROADHOUSE RESTAURANT,1250 S BROADWAY,Lexington,KY
74940,LOGAN'S ROADHOUSE RESTAURANT,140 ROJAY DRIVE,Lexington,KY
31711,LONG JOHN SILVER'S #11,4151 TATES CREEK CENTER,Lexington,KY
31701,LONG JOHN SILVER'S #12,2197 VERSAILLES ROAD,Lexington,KY
61454,LONGHORN STEAK HOUSE #5187,2217 HARRODSBURG RD,Lexington,KY
31725,LOUDON SQUARE BUFFET,801 NORTH BROADWAY,Lexington,KY
45453,LUCKY HIBACHI BUFFET,180 EAST NEW CIRCLE RD,Lexington,KY
48874,LUCKYS MARKET,"1030 S BROADWAY, STE B",Lexington,KY
33179,LUNDY'S OF LEXINGTON,1389 PRIDEMORE COURT,Lexington,KY
31736,LYNAGH'S,384 WOODLAND AVENUE,Lexington,KY
32517,LYNAGH'S SHAMROCK BAR & GRILL,154 PATCHEN DRIVE #87A,Lexington,KY
94733,M 7,213 E SEVENTH ST,Lexington,KY
86979,MAD MUSHROOM OF CLAYS MILL INC,3340 CLAYS MILL RD,Lexington,KY
96526,MAD MUSHROOM OF UK,561 S BROADWAY STE 135,Lexington,KY
50321,MAGEE'S BAKERY,724 -726 E MAIN ST,Lexington,KY
83433,MAI THAI RESTAURANT,131 W TIVERTON WAY #170,Lexington,KY
31628,MAIN EXPOSITION (EAST),430 W. VINE STREET,Lexington,KY
30850,MAIN KITCHEN #179,1540 UNIVERSITY DR,Lexington,KY
31533,MAIN KITCHEN  GRANDSTAND,4201 VERSAILLES RD.,Lexington,KY
86711,MAIN PANTRY,4201 VERSAILLES RD,Lexington,KY
87028,MAIN STREET DELI,380 WEST MAIN,Lexington,KY
31744,MALABU PUB AND GRILLE,239 SURFSIDE DR,Lexington,KY
94829,MALIBU JACK'S,3025 BLAKE JAMES DR.,Lexington,KY
64612,MALONE'S,1920 PLEASANT RIDGE DR,Lexington,KY
81350,MALONE'S,3735 PALOMAR CENTRE DRIVE,Lexington,KY
59830,MALONE'S   DRAKE'S,3347 TATES CREEK RD,Lexington,KY
78857,MAN O'WAR FOUNDATION FARMHOUSE,4089 IRONWORKS PKWY,Lexington,KY
57693,MANCINO'S,1590 -A LEESTOWN RD,Lexington,KY
74990,MANDARIN,"2220 NICHOLASVILLE, STE. 120",Lexington,KY
32973,MARATHON MART,300 N. MARTIN LUTHER KING BLVD,Lexington,KY
41125,"MARATHON, SPEAKS",1900 NEWTOWN PIKE,Lexington,KY
86726,MARCO'S PIZZA #1172,115 N LOCUST HILL DR. #117,Lexington,KY
77200,MARCO'S PIZZA #1226,2348 NICHOLASVILLE RD STE. 120,Lexington,KY
63423,MARIANA'S,2350 WOODHILL DR. #4,Lexington,KY
30817,MARIA'S KITCHEN,805 N BROADWAY,Lexington,KY
88423,MARIA'S KITCHEN,895 N BROADWAY,Lexington,KY
32261,MARIKKA'S REST. & BIER STUBE,411 SOUTHLAND DRIVE,Lexington,KY
31761,MARINO'S DAY CARE CENTER,130 WEST FIFTH STREET,Lexington,KY
44287,MARRIOTT 19TH HOLE   GRIFFIN GATE,1800 NEWTOWN PIKE,Lexington,KY
69424,MARRIOTT RESIDENCE INN  FOOD,2688 PINK PIGEON WAY,Lexington,KY
63536,MARTIN LUTHER KING ACADEMY,2200 LIBERTY RD,Lexington,KY
41853,MARTINE'S,1039 INDUSTRY RD,Lexington,KY
57081,MARY QUEEN HOLY ROSARY SCHOOL,605 HILL N DALE,Lexington,KY
31763,MARY TODD ELEMENTARY SCHOOL,551 PARKSIDE DR,Lexington,KY
56509,MASALA INDIAN CUISINE,"3061 FIELDSTONE WAY, SUITE 600",Lexington,KY
31765,MAXWELL ELEMENTARY SCHOOL,333 WOODLAND AVE,Lexington,KY
43424,MAXWELL ST. PRESBYTERIAN CHUR.,180 E. MAXWELL STREET,Lexington,KY
31768,MAYFAIR MANOR,3300 TATES CREEK ROAD,Lexington,KY
31769,MAYFAIR VILLAGE,3310 TATES CREEK ROAD,Lexington,KY
90195,MC ALISTER'S DELI,836 EUCLID AVE #105,Lexington,KY
54985,MCCARTHY'S IRISH BAR,117 S UPPER ST,Lexington,KY
31771,MCDONALD'S,357 SOUTH LIMESTONE,Lexington,KY
31774,MCDONALD'S,1499 RUSSELL CAVE RD.,Lexington,KY
31776,MCDONALD'S,2271 ELKHORN DRIVE,Lexington,KY
31778,MCDONALD'S,4131 TATES CREEK CTR,Lexington,KY
56836,MCDONALD'S,1954 STANTON WAY,Lexington,KY
61196,MCDONALD'S,1921 PLAUDIT PLACE,Lexington,KY
62236,MCDONALD'S,1620 LEESTOWN ROAD,Lexington,KY
63424,MCDONALD'S,100 MARKET PLACE  DR.,Lexington,KY
64638,MCDONALD'S,768 WINCHESTER ROAD-SUITE 100,Lexington,KY
71210,MCDONALD'S,5521 ATHENS-BOONESBORO ROAD,Lexington,KY
95900,MCDONALD'S,2359 RICHMOND RD,Lexington,KY
96367,MCDONALD'S,2012 HARRODSBURG RD,Lexington,KY
31777,MCDONALD'S #6111,1114 E NEW CIRCLE RD,Lexington,KY
31772,MCDONALD'S #989,2321 VERSAILLES RD,Lexington,KY
42873,MCDONALD'S RESTAURANT,3765 PALOMAR CENTRE,Lexington,KY
31773,MCDONALD'S RESTAURANT #1231,2483 NICHOLASVILLE ROAD,Lexington,KY
31781,MEADOWTHORPE ELEM SCHOOL,1710 FORBES RD,Lexington,KY
31973,MEALS ON WHEELS,460 EAST MAIN STREET,Lexington,KY
65872,MEGAMINDS EDUCARE,679 LIMA DRIVE,Lexington,KY
63204,MEIJER #184,351 WEST REYNOLDS RD,Lexington,KY
63445,MEIJER GAS STATION #184,391 WEST REYNOLDS RD,Lexington,KY
60843,MEIJER GREAT LAKES #161   GAS, GAS STATION,Lexington,KY
60841,MEIJER GREAT LAKES LP #161,2155 SIR BARTON WAY,Lexington,KY
69920,MELLOW MUSHROOM,503 SOUTH UPPER STREET,Lexington,KY
92025,MEMORIAL COLISEUM EAST,201 AVENUE OF CHAMPIONS,Lexington,KY
92022,MEMORIAL COLISEUM WEST,201 AVENUE OF CHAMPIONS,Lexington,KY
31976,MERRICK INN,1074 MERRICK DRIVE,Lexington,KY
79519,"MESSNER HOME RESIDENTIAL CARE HOME,",708 HILL RISE COURT,Lexington,KY
92993,MI MEXICO RESTAURANT,818 E NEW CIRCLE RD.,Lexington,KY
45726,MI PEQUENA HACIENDA,3501 LANSDOWNE DR,Lexington,KY
85262,MICROTEL INN,2240 BUENA VISTA DR,Lexington,KY
97693,MIDDLE FORK KITCHEN BAR,1224 MANCHESTER ST SUITE 110,Lexington,KY
31193,MIDWAY FOOD MART,3895 WINCHESTER ROAD,Lexington,KY
51398,MILK AND HONEY PRESCHOOL,2700 TODDS ROAD,Lexington,KY
31983,MILLCREEK ELEMENTARY SCHOOL,3660 APPIAN WAY,Lexington,KY
32018,MIMI'S SOUTHERN STYLE COOKING,126 E NEW CIRCLE ROAD,Lexington,KY
88572,MINI MOVERS LEARNING CENTER,338 BLACKBURN AVE.,Lexington,KY
60153,MINIT MART #653,5521 ATHENS-BOONESBORO ROAD,Lexington,KY
35891,MINIT MART #662,1998 HARRODSBURG ROAD,Lexington,KY
59335,MINIT MART #663,4560 IRON WORKS PIKE,Lexington,KY
72018,MINIT MART #664,109 TOWN CENTER DRIVE,Lexington,KY
62328,MINIT MART #667,4096 NICHOLS PARK DR,Lexington,KY
50438,MINIT MART #668,3110 RICHMOND ROAD,Lexington,KY
31497,MINIT MART #669,176 NEW CIRCLE RD,Lexington,KY
50631,MINIT MART #670,1070 NEWTOWN PIKE,Lexington,KY
42078,MINIT MART #671,3725 HARRODSBURG RD,Lexington,KY
31473,MINIT MART #672,1949 NORTH BROADWAY,Lexington,KY
62827,MINIT MART #673,2420 RICHMOND ROAD,Lexington,KY
32994,MINIT MART #674,435 W NEW CIRCLE ROAD,Lexington,KY
62111,MINIT MART #676,905 S LIMESTONE ST,Lexington,KY
46898,MINIT MART #677,1975 NICHOLASVILLE RD,Lexington,KY
48825,MINIT MART #678,4201 SARON DRIVE,Lexington,KY
34103,MINIT MART #679,2300 VERSAILLES RD,Lexington,KY
64622,MINIT MART #680,930 SOUTH BROADWAY,Lexington,KY
95219,MINTON'S,STATE MOBILE,Lexington,KY
32467,MIRACLES & WONDERS PLAY & LEARN CNTR,1183 DEVONPORT DRIVE,Lexington,KY
94143,MISSY'S PIE SHOP,502 EAST HIGH ST,Lexington,KY
44452,"MIYAKO, LLC",2547 RICHMOND ROAD,Lexington,KY
43115,MOE'S SOUTHWEST GRILL,"3401 NICHOLASVILLE RD, FC-6",Lexington,KY
76793,MOE'S SOUTHWESTERN GRILL,"141 ROJAY DRIVE, STE. 120",Lexington,KY
80175,MOLLY BROOKES IRISH BAR,109 N LIMESTONE ST,Lexington,KY
84976,MONKEY JOE'S,1850 BRYANT ROAD,Lexington,KY
89867,MORNING POINTE OF LEXINGTON,233 RUCCIO WAY,Lexington,KY
93419,MORNING POINTE OF LEXINGTON EAST,150 SHORE SIDE DR,Lexington,KY
32011,MORTON MIDDLE SCHOOL,1225 TATES CREEK RD,Lexington,KY
30894,"MOUSE TRAP, THE",3323 TATES CREEK ROAD,Lexington,KY
86039,MOVEABLE FEAST,474 SILVER MAPLE WAY,Lexington,KY
71063,MR KABAB,2901 RICHMOND RD #150,Lexington,KY
49749,MR. KAN'S CHINESE FOOD,410 W VINE ST  SUITE 119,Lexington,KY
71366,"MTANI CATERING, LLC",468 SQUIRES ROAD,Lexington,KY
35696,MURPHY'S BAR & GRILL,5532 ATHENS-BOONESBORO ROAD,Lexington,KY
96066,"NATHANIEL MISSIONARY SOCIETY,INC",1109 VERSAILLES ROAD,Lexington,KY
40798,NATIONAL ACADEMY,3500 ARBOR DR,Lexington,KY
94120,NATIONAL PROVISIONS,264 WALTON AVE.,Lexington,KY
87712,NAT'S,111 S UPPER ST,Lexington,KY
44731,NEIGHBORHOOD GROCERY,215 E. SEVENTH STREET,Lexington,KY
47076,NELL'S DINER,1401 N. FORBES ROAD,Lexington,KY
94390,"NEST, THE",530 NORTH LIMESTONE,Lexington,KY
79974,NEW BEGINNINGS EARLY LEARNING CENTER,585 W. MAIN ST.,Lexington,KY
71470,NEW CHINA KITCHEN,"3094 RICHMOND ROAD, SUITE 180",Lexington,KY
93683,"NEW CREATION CHILDCARE, LLC",1037 INDUSTRY ROAD,Lexington,KY
48520,NEW GREAT WALL,393 WALLER AVE. #14,Lexington,KY
78803,NEW HOPE CENTER FOR MEN,250 LOUDON AVENUE,Lexington,KY
68201,NEW SUSHI EXPRESS,455-D SOUTHLAND DR.,Lexington,KY
96525,NEWK'S EATERY,"2369 RICHMOND RD, #110",Lexington,KY
96561,NEWK'S EATERY,3535 NICHOLASVILLE RD I-9211,Lexington,KY
82212,NEWTOWN PIKE FOODMART,771 NEWTOWN PIKE,Lexington,KY
99159,NICE N PAN,547 SOUTH LIMESTONE,Lexington,KY
87131,NICK RYAN'S,157 JEFFERSON STREET,Lexington,KY
97035,NOAH'S ARK ACADEMY,2350 WOODHILL DR. SUITE 46,Lexington,KY
97173,NOODLES & COMPANY,395 S LIMESTONE,Lexington,KY
31708,NOODLES AND COMPANY,2468 NICHOLASVILLE ROAD,Lexington,KY
36606,NORTH LIME COFFEE & DONUTS,3101 CLAYS MILL ROAD 300A,Lexington,KY
91605,NORTH LIME COFFEE AND DONUTS,575 N LIMESTONE,Lexington,KY
64920,NORTH STAR ACADEMY,1816 BRYAN STATION ROAD,Lexington,KY
55166,NORTHERN CAL RIPKIN,612 BRYANWOOD PKWY,Lexington,KY
32034,NORTHERN ELEMENTARY SCHOOL,340 ROOKWOOD PKWY,Lexington,KY
37812,NORTHPOINT HEALTHCARE CENTER,1500 TRENT BLVD.,Lexington,KY
71495,NUTRIMAX SMOOTHIES,3001 BLAKE JAMES DR.,Lexington,KY
49234,OASIS MEDITERRANIAN  CAFE,868 -B E HIGH ST,Lexington,KY
62320,O'CHARLEY'S # 289,2099 HARRODSBURG ROAD,Lexington,KY
32037,O'CHARLEY'S #209,2895 RICHMOND ROAD,Lexington,KY
32038,O'CHARLEY'S #212,2270 NICHOLASVILLE ROAD,Lexington,KY
30812,OFF THA HOOKAH,504 EUCLID AVENUE,Lexington,KY
32040,OFFICE LOUNGE,1533 EASTLAND PARKWAY,Lexington,KY
61793,OLD CHICAGO,1924 PAVILLION WAY,Lexington,KY
31740,"OLD SAN JUAN, CUBAN CUISINE",247 SURFSIDE DR.,Lexington,KY
87961,OLE' HOOKERS BAR AND GRILL,205 S LIMESTONE ST.,Lexington,KY
32042,OLEIKA SHRINE TEMPLE,326 SOUTHLAND DRIVE,Lexington,KY
34288,OLIVE GARDEN ITAL. REST. #1320,3301 NICHOLASVILLE ROAD,Lexington,KY
30776,O'NEILL'S,2051 RICHMOND ROAD,Lexington,KY
34275,ORANGE LEAF,3735 PALOMAR CENTRE DR. STE 220,Lexington,KY
86899,ORANGE LEAF   SELF SERVE FROZE,"152 WEST TIVERTON WAY, STE 170",Lexington,KY
61335,ORANGE LEAF (BRIGHTON),3090 HELMSDALE PL,Lexington,KY
49212,ORANGE LEAF FROZEN YOGURT,325 ROMANY RD,Lexington,KY
74975,"ORIGINAL BROOKLYN PIZZA, THE","3330 PARTNER PL., STE. 124",Lexington,KY
32046,ORIGINAL GREAT AMERICAN COOKIES,3401 NICHOLASVILLE ROAD #134,Lexington,KY
49634,O'SHIMI,"1093 S BROADWAY, STE 1150",Lexington,KY
60694,OUR HOUSE   THE PINNACLE CHILDCARE,4269 SARON DR.,Lexington,KY
94734,OUR MAGIC YEARS CHILDCARE,1016-1020 N LIMESTONE ST,Lexington,KY
53663,OUR MAGIC YEARS CHILDCARE CTR.,"866 GEORGETOWN ST., BLUE BLDG",Lexington,KY
41646,OUTBACK STEAKHOUSE,"127 W. TIVERTON DR., STE 184",Lexington,KY
66667,"OUTBACK STEAKHOUSE OF FLORIDA, LLC",1957 BRYANT ROAD,Lexington,KY
98344,OVIDS AQUA SUSHI,400 HILLTOP AVE,Lexington,KY
38324,OWL HOOT SHOP,650 KENNEDY RD,Lexington,KY
42658,P L DUNBAR HIGH SCHOOL,1600 MAN-O-WAR BLVD,Lexington,KY
75859,P.F. CHANG'S CHINA BISTRO,3405 NICHOLASVILLE ROAD,Lexington,KY
32050,PAISANO'S RESTAURANT,2417 NICHOLASVILLE ROAD,Lexington,KY
31590,PALMER'S FRESH GRILL,161 LEXINGTON GREEN CIRCLE #C8,Lexington,KY
97544,PANADERIA AGUASCALIENTES (BAKERY),1400 ALEXANDRIA DR,Lexington,KY
80453,PANADERIA TORRION,1930 OXFORD CIRCLE,Lexington,KY
85725,PANCHITO'S ICE CREAM. LLC.,1388 ALEXANDERIA DR STE 5,Lexington,KY
75980,PANDA CUISINE,2358 NICHOLASVILLE ROAD #115,Lexington,KY
88010,PANDA EXPRESS,220 AVENUE OF CHAMPIONS,Lexington,KY
87430,PANDA EXPRESS #2113,2433 NICHOLASVILLE RD,Lexington,KY
76650,PANERA BREAD #1176,3705 PALOMAR CENTRE DRIVE,Lexington,KY
97925,PANERA BREAD #7015,"120 E MAIN STREET, SUITE 105",Lexington,KY
41379,PANERA BREAD #825,2573 RICHMOND RD STE 100,Lexington,KY
62657,PAPA JOHNS  # 18,265 AVENUE OF CHAMPIONS,Lexington,KY
59875,PAPA JOHN'S #29,4250 SARON DR,Lexington,KY
62733,PAPA JOHN'S PIZZA #1449,"1610 LEESTOWN ROAD, SUITE 11",Lexington,KY
49867,PAPA JOHN'S PIZZA #32,1650 BRYAN STATION RD #105,Lexington,KY
46294,PAPA JOHN'S PIZZA #40,2937 RICHMOND RD,Lexington,KY
43483,PAPA JOHN'S PIZZA #54,3735 HARRODSBURG RD #240,Lexington,KY
32398,PAPA JOHN'S PIZZA #88,2467 NICHOLASVILLE RD.,Lexington,KY
44915,PAPA MURPHY'S,4101 TATES CREEK CTR DR #128,Lexington,KY
90382,PAPA MURPHY'S,1890 STAR SHOOT PKWY,Lexington,KY
98750,PAPA MURPHY'S,"3165 BEAUMONT CENTER CIRLE, SUITE 160",Lexington,KY
31300,PAPER PLATE,100 MIDLAND AVENUE,Lexington,KY
32054,PARKETTE,1230 NEW CIRCLE RD NE,Lexington,KY
49132,PARKHILL SUBWAY,3120 PIMLICO PKWY    # 144,Lexington,KY
82152,PARKS & REC. CATERING KITCHEN,"1306 VERSAILLES RD, STE 160",Lexington,KY
89322,PARLAY SOCIAL,249 W SHORT ST. #101,Lexington,KY
97766,PASTA GARAGE,962 DELAWARE AVE,Lexington,KY
32470,PATCHEN PUB,153 PATCHEN DR #29,Lexington,KY
82226,PAULIE'S TOASTED BARRELL,517 W MAIN ST,Lexington,KY
63726,PAZZO'S,385 S LIMESTONE,Lexington,KY
34281,PDQ DELI AND GROCERY,460 E NEW CIRCLE RD,Lexington,KY
68008,PEKING CAFE,3181 BEAUMONT CTR.CIR. #104,Lexington,KY
57009,PENN STATION,"1080 S. BROADWAY, SUITE 101",Lexington,KY
59336,PENN STATION,2220 NICHOLASVILLE ROAD,Lexington,KY
64911,PENN STATION,"3090 TODDS ROAD, SUITE 305",Lexington,KY
66328,PENN STATION,1719 NORTH BROADWAY,Lexington,KY
64916,PEPE'S MEXICAN RESTAURANT,3280 EAGLE VIEW LANE,Lexington,KY
32161,PEPPERHILL PRE SCHOOL,2104 EASTWAY DRIVE,Lexington,KY
79541,PEPPERS MEXICAN GRILL,4000 TERMINAL DR,Lexington,KY
31408,PETE'S WOK,537 A WALLER AVENUE,Lexington,KY
96118,PETRO'S CHILI & CHIPS,4161 TATES CREEK CENTER,Lexington,KY
30695,PHILLIP'S GROCERY & DELI,553 SOUTH LIMESTONE,Lexington,KY
68612,PHO BC,171-176 WEST LOWRY LANE,Lexington,KY
95259,PHO SAIGON,1555 E NEW CIRCLE RD #162,Lexington,KY
32164,PICADOME ELEMENTARY SCHOOL,1642 HARRODSBURG RD,Lexington,KY
98555,PIE FIVE,3401 NICHOLASVILLE RD STE F-616,Lexington,KY
99219,PIE FIVE,867 SOUTH BROADWAY STE 130,Lexington,KY
96645,PIES AND PINTS,401 W MAIN ST. SUITE 106,Lexington,KY
98645,PIG AND PEPPER BAKING,105 EASTERN AVE,Lexington,KY
43023,PINE MEADOWS HEALTH CARE,1608 HILL RISE DRIVE,Lexington,KY
95457,PINOT'S PALETTE,3851 MALL RD #110,Lexington,KY
93457,PITA SOCIAL   FAYETTE MALL,3401 NICHOLASVILLE RD. FC-03,Lexington,KY
67608,PIZZA HUT # 2969,"3094 RICHMOND ROAD, SUITE D-1",Lexington,KY
32174,PIZZA HUT #2966,2213 VERSAILLES ROAD,Lexington,KY
32182,PIZZA HUT #2967,418 NEW CIRCLE ROAD,Lexington,KY
43813,PIZZA HUT #2968,543 SOUTH LIMESTONE,Lexington,KY
44885,PIZZA HUT #2970,3630 BOSTON ROAD,Lexington,KY
68564,PIZZA HUT #2972,4240 SARON DR. #B,Lexington,KY
43877,PLANET THAI,2417 NICHOLASVILLE ROAD,Lexington,KY
54106,PLATINUM PLUS,1101 EAST NEW CIRCLE ROAD,Lexington,KY
88148,POPCORN PARADISE,1226 VERSAILLES RD,Lexington,KY
98886,POPEYES LOUISIANA KITCHEN,115 E NEW CIRCLE RD,Lexington,KY
41508,PORTER MEMORIAL BAPTIST CHURCH,4300 NICHOLASVILLE ROAD,Lexington,KY
36048,PORTOFINO,"249 E MAIN ST, STE 102",Lexington,KY
53922,PREFERIDA SUPERMARKET,1801 ALEXANDRIA DR. # 172,Lexington,KY
85934,"PRESS JUICE BAR & CAFE, THE",191 KENTUCKY AVE.,Lexington,KY
78537,PROUD MARY,9079 OLD RICHMOND ROAD,Lexington,KY
98609,PROVIDENCE MONTESSORI SCHOOL,1209 TEXACO ROAD,Lexington,KY
81615,PUCCINIS,3801 DYLAN PL. STE 150,Lexington,KY
96246,PUCCINI'S,"3090 HELMSDALE PLACE, STE 260",Lexington,KY
72188,PUCCINI'S PIZZA,833 CHEVY CHASE PLACE,Lexington,KY
31293,PUDDLE JUMPERS LEARNING CENTER,1940 CAMBRIDGE DR.,Lexington,KY
31632,PURPLE CONCOURSE #3,430 WEST VINE STREET,Lexington,KY
31630,PURPLE CONCOURSE #4,430 W VINE STREET,Lexington,KY
66326,QDOBA MEXICAN GRILL #2080,2630 RICHMOND ROAD,Lexington,KY
31232,QDOBA MEXICAN GRILL #2086,265 EUCLID AVENUE,Lexington,KY
73821,QDOBA MEXICAN GRILL #2294,2337 SIR BARTON WAY,Lexington,KY
81053,QDOBA MEXICAN GRILL #2521,101 E. TIVERTON WAY,Lexington,KY
81476,QDOBA MEXICAN GRILL #2524,3735 PALOMAR DR #65,Lexington,KY
98871,QUALITY INN,2381 BUENA VISTA RD,Lexington,KY
68382,QUEST COMMUNITY CHURCH COFFEE SHOP,410 SPORTING CT.,Lexington,KY
57232,QUINN CHAPEL CHILD CARE CENTER,744 CHARLES AVENUE,Lexington,KY
82838,QUIZNOS SUBS,3191 BEAUMONT CENTRE CIR #150,Lexington,KY
32294,R & R ENTERTAINMENT,3429 BUCKHORN DR #3,Lexington,KY
42004,RACQUET CLUB BAR & GRILL,3900 CROSBY DR,Lexington,KY
62842,RAFFERTY'S,1865 ALYSHEBA WAY,Lexington,KY
32199,RAFSKELLER   TRANSYLVANIA UNIVERSITY,300 N BROADWAY,Lexington,KY
48161,RAISING CANE'S CHICKEN FINGERS,2555 NICHOLASVILLE ROAD,Lexington,KY
79020,RAISING CANE'S CHICKEN FINGERS,544 S. UPPER STREET,Lexington,KY
79179,RAISING CANE'S CHICKEN FINGERS,2201 WAR ADMIRAL WAY,Lexington,KY
42656,RALLY'S # 25,410 GEORGETOWN ROAD,Lexington,KY
32201,RALLY'S #22,1214 SOUTH BROADWAY,Lexington,KY
36635,RALLY'S #23,2975 RICHMOND ROAD,Lexington,KY
49868,RALLY'S #27,125 NEW CIRCLE RD NE,Lexington,KY
61341,RAMSEY'S,3090 HELMSDALE PLACE,Lexington,KY
63058,RAMSEY'S,4391 OLD HARRODSBURG RD,Lexington,KY
65709,RAMSEY'S COMMISSARY,938 WINCHESTER ROAD,Lexington,KY
94633,RAMSEY'S RESTAURANT,151 W ZANDALE DR STE 100,Lexington,KY
47516,RAMSEY'S TC,4053 S #35 TATES CREEK ROAD,Lexington,KY
30862,RECRUITING DINING   LOWER LEVEL,1540 UNIVERSITY DRIVE,Lexington,KY
93651,RED BANG BANG,103 W MAXWELL ST,Lexington,KY
77202,RED BANG BANG SUSHI,"3801 MALL ROAD, STE. 135",Lexington,KY
31634,RED CORNER STAND,430 WEST VINE STREET,Lexington,KY
82658,RED CUSTARD A,430 W. VINE ST.,Lexington,KY
82659,RED CUSTARD B,430 W. VINE ST.,Lexington,KY
32211,RED LOBSTER #0188,2550 NICHOLASVILLE RD,Lexington,KY
61197,RED LOBSTER #6379,1848 ALYSHEBA WAY,Lexington,KY
32213,RED MILE   WAGERS,1101 WINBAK WAY,Lexington,KY
32311,"RED STATE BARBECUE, RED PHOENIX LLC, DBA",4020 GEORGETOWN RD,Lexington,KY
64846,REDI MART MARATHON,1970 PLEASANT RIDGE,Lexington,KY
44178,RESIDENCE INN,1080 NEWTOWN PIKE,Lexington,KY
68739,RESTAURANT AGUASCALIENTES,1400 ALEXANDRIA DRIVE # A,Lexington,KY
98556,RESTORATION JUICERY,145 BURT RD #8,Lexington,KY
75216,RICHIE'S RESTAURANT,325 ROOSEVELT BLVD.,Lexington,KY
32219,RICHMOND PLACE,3051 RIO DOSA DRIVE,Lexington,KY
30982,RICHMOND PLACE REHAB & HEALTH,2770 PALUMBO DR,Lexington,KY
89979,RICHMOND PLACE REHABILITATION  AND HEALTH,2770 PALUMBO DRIVE,Lexington,KY
30891,RIDGE BEHAVIORAL HEALTH,3050 RIO DOSA DR,Lexington,KY
30868,RINCON MEXICANO,818 EUCLID AVE,Lexington,KY
84947,RINCON MEXICANO RESTAURANT,3901 HARRODSBURG RD SUITE 180,Lexington,KY
96277,RISING ROLL,506 ADMINISTRATION DR,Lexington,KY
97052,"ROASTERY, THE",529 W MAIN ST.,Lexington,KY
68195,ROLY POLY,3191 BEAUMONT CTR CIR STE 160,Lexington,KY
56865,RONALD MCDONALD HOUSE,550 COOPER DRIVE,Lexington,KY
94860,ROOD & RIDDLE EQUINE HOSPITAL,2150 GEORGETOWN RD,Lexington,KY
58509,ROSA PARKS ELEMENTARY,1251 BEAUMONT CTR LN,Lexington,KY
31695,ROSE & JIM'S,2461 GEORGETOWN RD,Lexington,KY
30818,"ROSE BUD, THE",121 NORTH MILL STREET,Lexington,KY
32224,ROSE MANOR,3057 N. CLEVELAND ROAD,Lexington,KY
43235,RUBY JEAN'S,450 SOUTHLAND DRIVE STE B,Lexington,KY
32230,RUSSELL CAVE ELEMENTARY,3375 RUSSELL CAVE RD,Lexington,KY
31724,S & S OUTPOST,6888 RUSSELL CAVE RD.,Lexington,KY
83561,"S.E.C., THE",4379 OLD HARRODSBURG RD #110,Lexington,KY
31023,SABIO RESTAURANT,380 SOUTH MILL STREET,Lexington,KY
33076,SABOR LATINO PUPUSAS,1205 VERSAILLES ROAD,Lexington,KY
56945,"SAGE RABBIT, THE",438 S ASHLAND AVE,Lexington,KY
65100,SAHARA MEDITERRANEAN CUISINE,"3061 FIELDSTONE WAY, STE. 1200",Lexington,KY
74859,SALES PAVILION,4201 VERSAILLES RD,Lexington,KY
69006,SAL'S ITALIAN CHOPHOUSE,3373 TATES CREEK ROAD,Lexington,KY
95504,SALSARITA'S LEXINGTON,"2380 NORMAN LANE, STE K10",Lexington,KY
32239,SALVATION ARMY SHELTER,736 W MAIN ST,Lexington,KY
32977,SAMMY'S GROCERY AND DELI,561 BRECKINRIDGE,Lexington,KY
45117,SAM'S CLUB #8188,1063 NEW CIRCLE RD,Lexington,KY
76398,SAM'S HOT DOGS,105 N. LIMESTONE,Lexington,KY
81811,SANDERSVILLE ELEMENTARY SCHOOL,3025 SANDERSVILLE RD,Lexington,KY
43189,SARKU JAPANESE,"3401 NICHOLASVILLE RD, SP#FC-5",Lexington,KY
63963,SAUL GOOD RESTAURANT & PUB,1808 ALYSHEBA WAY,Lexington,KY
93630,SAUL GOOD RESTAURANT   PUB #3,123 N BROADWAY,Lexington,KY
80011,SAUL GOOD RESTAURANT AND PUB,"3801 MALL ROAD, SUITE 120",Lexington,KY
67154,SAUTE CAFE # 1,1165 CENTRE PARKWAY #285,Lexington,KY
33451,SAVE A LOT   SOUTHLAND,398 SOUTHLAND DR,Lexington,KY
89799,SAV'S CHILL,289 S LIMESTONE ST,Lexington,KY
78680,SAV'S GRILL,304 S LIMESTONE,Lexington,KY
30890,SAWYER'S BAR & GRILL,325 W MAIN ST,Lexington,KY
32246,SAYRE CHRISTIAN VILLAGE,3816 CAMELOT DR,Lexington,KY
32242,SAYRE HEALTHCARE CENTER,3775 BELLEAU WOOD DR.,Lexington,KY
32244,SAYRE SCHOOL CAFETERIA,194 N LIMESTONE ST,Lexington,KY
43118,SBARRO'S ITALIAN EATERY, FAYETTE MALL,Lexington,KY
65273,SCAPA AT LAFAYETTE,400 LAFAYETTE AVE,Lexington,KY
60886,SCHLOTZSKY'S DELI,117 W TIVERTON WAY,Lexington,KY
62923,SEASON'S CATERING & SPECIAL OCCASIONS,333 N ASHLAND AVE,Lexington,KY
86709,SECOND FLOOR CLUB SERVICE BAR,4201 VERSAILLES RD,Lexington,KY
69423,SECOND PRESBYTERIAN CHURCH,460 E. MAIN STREET,Lexington,KY
33579,SELMA'S CATERING,720 HENRY CLAY BLVD.,Lexington,KY
90674,SHAKESPEARE AND CO DOWNTOWN LEX LLC,367 W SHORT ST,Lexington,KY
57760,SHAKESPEARE AND CO.   CHINOE,1060 CHINOE RD #104,Lexington,KY
49872,SHAMROCK BAR & GRILL,4750 HARTLAND PARKWAY #128,Lexington,KY
72294,SHANGHAI BISTRO,4101 TATES CREEK CTRE #118,Lexington,KY
81478,SHANGHAI BISTRO,"2200 WAR ADMIRAL WAY, STE #170",Lexington,KY
31046,SHAW'S CHILD CARE,2813 SNOW ROAD,Lexington,KY
31054,SHELL ESTEPP'S FOOD MART DELI,1951 STANTON WAY,Lexington,KY
43814,SHEPHERD'S HOUSE,154 BONNIE BRAE DRIVE,Lexington,KY
32436,SHERATON FOUR POINTS CAFE,1938 STANTON WAY,Lexington,KY
88003,SHORTY'S MARKET,163 W SHORT STREET,Lexington,KY
32257,SHRINERS HOSPITAL,1900 RICHMOND ROAD,Lexington,KY
66576,SIDEBAR GRILL,147 NORTH LIMESTONE STREET,Lexington,KY
32258,SIGEE'S,2143 NORTH BROADWAY,Lexington,KY
75371,SIGNATURE GRILLE,3200 LANSDOWNE DRIVE,Lexington,KY
69506,SILVER CUE BILLIARDS BAR GRILL,694 NEW CIRCLE ROAD NE # 1,Lexington,KY
32260,SIR PIZZA, CROSS ROADS PLAZA,Lexington,KY
49085,SIR PIZZA,1064 S BROADWAY PLACE,Lexington,KY
64207,SIR PIZZA,463 WEST NEW CIRCLE ROAD,Lexington,KY
32264,SIR PIZZA COMMISSARY,2604 RICHMOND ROAD,Lexington,KY
84730,SKYBAR   LEXINGTON,269 W MAIN ST.,Lexington,KY
92547,SLEEP INN,1920 PLAUDIT PLACE,Lexington,KY
93540,SMART BEEZ LEARNING CENTER,435 SOUTHLAND,Lexington,KY
86670,SMASHBURGER,"3695 NICHOLASVILLE RD, STE 120",Lexington,KY
78769,SMASHBURGERS,535 S. UPPER STREET STE. 145,Lexington,KY
77034,SMASHING TOMATO RESTAURANT,3801 MALL ROAD,Lexington,KY
80997,SMASHING TOMATO RESTAURANT,2200 WAR ADMIRAL WAY,Lexington,KY
93456,SMITHTOWN SEAFOOD,501 W SIXTH ST SUITE 110,Lexington,KY
92596,"SNACK SHAK, THE",1205 E NEW CIRCLE RD,Lexington,KY
67676,SOCCER SOFTBALL CONCESSION,JOHN CROFT STADIUM,Lexington,KY
72129,SOLID ROC CAFE,3100 TATES CREEK RD.,Lexington,KY
54476,SONIC 3209,1026 S BROADWAY,Lexington,KY
64780,SONIC 4301,234 E. NEW CIRCLE ROAD,Lexington,KY
78867,SONIC 5852,2633 RICHMOND ROAD,Lexington,KY
98557,SORELLA GELATERIA,219 N LIMESTONE,Lexington,KY
83459,SOUNDBAR,208 S LIMESTONE ST.,Lexington,KY
85470,"SOUP KITCHEN, THE",376 SOUTHLAND DRIVE,Lexington,KY
50802,SOUTH LEXINGTON YOUTH BASEBALL (4 12),3500 SHILLITO PARK DRIVE,Lexington,KY
70144,SOUTHERN ACRES CHRISTIAN,301 HARVARD DRIVE,Lexington,KY
32277,SOUTHERN ELEMENTARY SCHOOL,340 WILSON DOWNING RD,Lexington,KY
45061,SOUTHERN HILLS UNITED METH.,2356 HARRODSBURG ROAD,Lexington,KY
32278,SOUTHERN MIDDLE SCHOOL,400 WILSON DOWNING RD,Lexington,KY
53502,SOUTHLAND PARK AQUATIC FAC., HILL-N-DALE DR,Lexington,KY
94405,SOUTHLAND PERK,472 SOUTHLAND DR,Lexington,KY
75634,SPALDINGS BAKERY,760 WINCHESTER ROAD,Lexington,KY
32217,SPEARMINT RHINO,5539 ATHENS-BOONESBORO ROAD,Lexington,KY
34104,SPEEDWAY,2290 ELKHORN ROAD,Lexington,KY
51188,SPEEDWAY #9332,911 BEAUMONT CENTRE PRKY,Lexington,KY
51715,SPEEDWAY #9334,2910 TATES CREEK RD,Lexington,KY
32284,SPEEDWAY #9394,1001 GEORGETOWN RD,Lexington,KY
56946,SPEEDWAY #9395,2301 PARIS PIKE,Lexington,KY
74523,SPEEDWAY #9397,1281 E NEW CIRCLE RD,Lexington,KY
56948,SPEEDWAY #9398,3393 TATES CREEK RD,Lexington,KY
59244,SPEEDWAY #9402,3151 TODDS RD,Lexington,KY
32323,SPEEDWAY #9512,515 EUCLID AVE,Lexington,KY
32317,SPEEDWAY #9591,2301 VERSAILLES RD,Lexington,KY
32322,SPEEDWAY #9593,2900 RICHMOND RD,Lexington,KY
34110,SPEEDWAY #9596,246 SOUTHLAND DR,Lexington,KY
32321,SPEEDWAY #9621,2490 NICHOLASVILLE RD,Lexington,KY
46766,SPEEDWAY #9651,5360 ATHENS-BOONESBORO ROAD,Lexington,KY
32314,SPEEDWAY #9658,900 WINCHESTER RD,Lexington,KY
32315,SPEEDWAY #9667,716 NORTH BROADWAY,Lexington,KY
32316,SPEEDWAY #9675,819 S LIMESTONE ST,Lexington,KY
32324,SPEEDWAY #9677,1401 LEESTOWN RD,Lexington,KY
40915,SPEEDWAY #9699,803 SOUTH BROADWAY,Lexington,KY
32318,SPEEDWAY #9704,447 NEW CIRCLE ROAD,Lexington,KY
48258,SPEEDWAY #9728,3660 BOSTON RD,Lexington,KY
32285,SPINDLETOP RESTAURANT,3414 IRON WORKS PIKE,Lexington,KY
32286,SPINDLETOP SNACK BAR,3414 IRON WORKS PIKE,Lexington,KY
72949,SPRING HILL SUITES,863 S BROADWAY ST,Lexington,KY
32289,SPRING VALLEY GOLF CLUB,2300 SANDERSVILLE ROAD,Lexington,KY
32292,SPUDS TAVERN,"3130 PIMLICO PARKWAY, STE. 101",Lexington,KY
35978,SQUIRES ELEMENTARY SCHOOL,3337 SQUIRES OAK DR,Lexington,KY
31365,ST. JOSEPH EAST DIETARY DEPT., 150 NORTH EAGLE CREEK,Lexington,KY
32295,ST. JOSEPH HOSPITAL,1 ST. JOSEPH DRIVE,Lexington,KY
83259,ST. LUKE UNITED METHODIST CHURCH,2351 ALUMNI DRIVE,Lexington,KY
63115,ST. PETER & PAUL SCHOOL,423 W  SHORT ST,Lexington,KY
32299,ST. PETER AND PAUL SCHOOL,133 BARR ST,Lexington,KY
96995,STAGGER INN,269 W MAIN ST,Lexington,KY
31532,STAND 111,4201 VERSAILLES RD.,Lexington,KY
63594,STAND 112,4201 VERSAILLES RD,Lexington,KY
31527,STAND 114,4201 VERSAILLES RD.,Lexington,KY
31536,STAND 115,4201 VERSAILLES RD.,Lexington,KY
31538,STAND 117,4201 VERSAILLES RD.,Lexington,KY
31537,STAND 119,4201 VERSAILLES RD.,Lexington,KY
32463,STAND 120,4201 VERSAILLES RD,Lexington,KY
31531,STAND 122,4201 VERSAILLES RD.,Lexington,KY
61339,STAND 209,4201 VERSAILLES RD.,Lexington,KY
31539,STAND 211,4201 VERSAILLES RD,Lexington,KY
31526,STAND 213,4201 VERSAILLES RD,Lexington,KY
31540,STAND 214,4201 VERSAILLES RD,Lexington,KY
31529,STAND 310,4201 VERSAILLES RD.,Lexington,KY
31528,STAND 311,4201 VERSAILLES RD.,Lexington,KY
31541,STAND 312,4201 VERSAILLES RD,Lexington,KY
31542,STAND 314 & BLUEGRASS ROOM,4201 VERSAILLES RD,Lexington,KY
75014,STARBUCKS,870 S. BROADWAY,Lexington,KY
76014,STARBUCKS,"3401 NICHOLASVILLE RD., PK11",Lexington,KY
79540,STARBUCKS,2320 ELKHORN ROAD,Lexington,KY
93177,STARBUCKS,1940 PAVILLION WAY,Lexington,KY
68790,STARBUCKS #2687,808 E HIGH ST,Lexington,KY
72266,STARBUCKS   KY CLINIC,745 ROSE ST,Lexington,KY
76237,STARBUCKS   OVIDS,401 HILLTOP AVE,Lexington,KY
80355,STARBUCKS   STUDENT CENTER,220 AVENUE OF CHAMPIONS,Lexington,KY
76236,STARBUCKS COFFE COMPANY,"2320 VERSAILLES RD., STE. 100",Lexington,KY
69125,STARBUCKS COFFEE,"325 W MAIN STREET, STE. 160",Lexington,KY
74491,STARBUCKS COFFEE,3809 DYLAN PLACE,Lexington,KY
75419,STARBUCKS COFFEE,2700 WILHITE DRIVE,Lexington,KY
71970,STARBUCKS COFFEE #7931,2703 RICHMOND RD,Lexington,KY
71831,STARBUCKS COFFEE #8734,1869 PLAUDIT PLACE STE 110,Lexington,KY
96721,STAYBRIDGE SUITES LEXINGTON,125 LOUIE PLACE,Lexington,KY
48277,STEAK EXPRESS,125 SOUTHLAND DRIVE,Lexington,KY
61137,STEAK 'N SHAKE,1832 ALYSHEBA WAY,Lexington,KY
31506,STEAM ACADEMY,123 E SIXTH ST,Lexington,KY
32302,STELLA'S KY DELI,143 JEFFERSON STREET,Lexington,KY
32303,STONEWALL ELEMENTARY SCHOOL,3251 CORNWALL DR,Lexington,KY
36200,STREET CRAVES,"395 SOUTH LIMESTONE, STE. 110",Lexington,KY
32171,SUBWAY,386 WOODLAND AVENUE,Lexington,KY
41435,SUBWAY,3650 BOSTON ROAD,Lexington,KY
43186,SUBWAY,3401 NICHOLASVILLE ROAD FC-9,Lexington,KY
44250,SUBWAY,2312 PALUMBO DR #110,Lexington,KY
44641,SUBWAY,1423 - A LEESTOWN ROAD,Lexington,KY
46445,SUBWAY,"2312 PALUMBO DR, STE 110",Lexington,KY
47024,SUBWAY,115 N LOCUST HILL DR  STE #103,Lexington,KY
49701,SUBWAY,410 W VINE ST,Lexington,KY
51322,SUBWAY,1951 STANTON WAY,Lexington,KY
54983,SUBWAY,210 OLD MT. TABOR RD.,Lexington,KY
59610,SUBWAY,785 NORTH BROADWAY,Lexington,KY
61613,SUBWAY,2160 SIR BARTON WAY,Lexington,KY
63195,SUBWAY,1202 - A VERSAILLES ROAD,Lexington,KY
66824,SUBWAY,175 E MAIN ST  STE #100,Lexington,KY
67478,SUBWAY,125 E REYNOLDS RD STE 180,Lexington,KY
70927,SUBWAY,1070 CHINOE RD STE 140,Lexington,KY
71402,SUBWAY,3320 PARTNER PLACE #108,Lexington,KY
80475,SUBWAY,220 AVENUE OF CHAMPIONS,Lexington,KY
36123,SUBWAY  #2819,409 WALLER AVENUE,Lexington,KY
96285,SUBWAY   MI KING,179 FUNKHOUSER DR,Lexington,KY
95827,SUBWAY   SOUTH PAVILION,"3851 MALL RD, STE 140",Lexington,KY
72521,SUBWAY #17552   WAL MART,500 W. NEW CIRCLE RD,Lexington,KY
56508,SUBWAY #18997,3061 FIELDSTONE WAY,Lexington,KY
73337,SUBWAY #34835,630 E MAIN ST,Lexington,KY
73977,SUBWAY #36137  WAL MART,4051 NICHOLASVILLE RD. STE 125,Lexington,KY
80974,SUBWAY #4767,1801 ALEXANDRIA DR #176,Lexington,KY
46591,SUBWAY #7507,"4218 SARON DR., SUITE 2",Lexington,KY
64941,SUBWAY   WAL MART,"3180 RICHMOND RD, STE #180",Lexington,KY
63461,SUBWAY 52863,4101 TATES CREEK CENTER DR. #160,Lexington,KY
75989,SUBWAY DELI,2358 NICHOLASVILLE ROAD,Lexington,KY
70243,SUBWAY SOUTHLAND,360 SOUTHLAND DRIVE,Lexington,KY
67396,SUBWAY STORE #27479,3851 KENESAW DRIVE-SUITE 120,Lexington,KY
89822,"SUBWAY, SKY 21 LLC DBA",409 W NEW CIRCLE RD,Lexington,KY
77358,SUBWAY AUNTIE ANN'S,"2350 GREY LAG WAY, #160",Lexington,KY
60105,SUGANO'S,1533 EASTLAND DRIVE #7,Lexington,KY
86953,SULLIVAN UNIVERSITY LEX CAMPUS,2355 HARRODSBURG RD,Lexington,KY
87111,"SUNDOWNS, LLC",628 DELZAN,Lexington,KY
50640,SUNSET STRIPS,410 W. VINE STREET,Lexington,KY
75076,SUPER 8 MOTEL,2351 BUENA VISTA ROAD,Lexington,KY
62161,SUPER MERCADA AQUASCALIENTES 5,1424 ALEXANDRIA,Lexington,KY
76889,SUPER MERCADA AQUASCALIENTES 4,2341 WOODHILL DRIVE,Lexington,KY
79116,SUPER MERCADO AGUASCALIENTES,459 W. NEW CIRCLE RD,Lexington,KY
75421,SUPER MERCADO AGUASCALIENTES #5,2220 NICHOLASVILLE RD. STE 156,Lexington,KY
32309,SURVIVORS,161 E. REYNOLDS ROAD,Lexington,KY
79542,SUSHI BLUE,"185 PASADENA DRIVE, #130",Lexington,KY
55505,SUTTON'S RESTAURANT,110 N. LOCUST HILL,Lexington,KY
94452,SWEET LILY'S,2573 RICHMOND RD SUITE 300,Lexington,KY
98723,SWEET LILY'S ICE CREAM,3401 NICHOLASVILLE RD STE 824,Lexington,KY
43589,SWEET MANGO,389 ROSE STREET,Lexington,KY
94461,"SWEET SPOT, THE",126 N BROADWAY,Lexington,KY
60543,T.G.I. FRIDAYS,1916 PAVILLION WAY,Lexington,KY
76646,T.G.I. FRIDAYS,144 ROJAY DRIVE,Lexington,KY
87126,TABLE THREE TEN,310 WEST SHORT ST,Lexington,KY
32405,TACHIBANA  RESTAURANT,785 NEWTOWN COURT,Lexington,KY
30819,TACO BELL,2917 RICHMOND RD,Lexington,KY
31099,TACO BELL,2323 VERSAILLES RD,Lexington,KY
32414,TACO BELL,320 NW NEW CIRCLE RD,Lexington,KY
35907,TACO BELL,2275 NICHOLASVILLE RD,Lexington,KY
40357,TACO BELL,1962 HARRODSBURG RD,Lexington,KY
62344,TACO BELL,1935 PLAUDIT PLACE,Lexington,KY
75825,TACO BELL,1768 SHARKEY WAY,Lexington,KY
98341,TACO BELL,400 HILLTOP,Lexington,KY
52291,TACO BELL #16531,4121 TATES CREEK ROAD,Lexington,KY
45421,TACO BELL #4653,1063 NEW CIRCLE RD  NE,Lexington,KY
32409,TACO TICO,1483 BOARDWALK,Lexington,KY
72676,TAJ INDIA INDIAN RESTAURANT,154 PATCHEN DR #68,Lexington,KY
72281,TALON WINERY PAVILLION,7086 TATES CREEK ROAD,Lexington,KY
39211,"TANBARK, THE",1121 TANBARK ROAD,Lexington,KY
62993,TANDOOR FLAMES,3130 MAPLE LEAF DR STE #170-180,Lexington,KY
63955,TAQUERIA EL SABOR DE MEXICO,424 E.NEW CIRCLE ROAD,Lexington,KY
30813,TAQUERIA SAN MIGUEL,684 E NEW CIRCLE RD,Lexington,KY
58838,TARGET STORE 1094,1940 PAVILLION WAY,Lexington,KY
31152,TARGET STORES T 366,131 WEST REYNOLDS ROAD,Lexington,KY
93365,TASTE OF INDIA,2467 NICHOLASVILLE RD,Lexington,KY
33567,TASTE OF THAI,101 - 105 WEST MAIN ST.,Lexington,KY
32420,TATES CREEK ELEMENTARY SCHOOL,1300 CENTRE PKWY,Lexington,KY
32421,TATES CREEK GOLF CLUB,1400 GAINESWAY DRIVE,Lexington,KY
32422,TATES CREEK HIGH SCHOOL,1301 CENTRE PKWY,Lexington,KY
67278,TATES CREEK HIGH SCHOOL (FTBALL),1111 CENTRE PARKWAY,Lexington,KY
32423,TATES CREEK MIDDLE SCHOOL,1301 CENTRE PKWY,Lexington,KY
65638,TATES CREEK SOFTBALL BOOSTERS,1111 CENTRE PKWY,Lexington,KY
99601,TAZIKI'S MEDITERRANEAN CAFE,117 SOUTHLAND DR,Lexington,KY
98452,TEAVANA   FAYETTE MALL,"3401 NICHOLASVILLE RD, I-912",Lexington,KY
69657,TED'S MONTANA GRILL,2304 SIR BARTON WAY STE #170,Lexington,KY
67791,TEMPLE ADATH ISRAEL,124 N ASHLAND AVE,Lexington,KY
94458,TEQUILEX,340 E NEW CIRCLE RD,Lexington,KY
91072,TEXAS ROADHOUSE,3030 LAKECREST CIRCLE,Lexington,KY
39910,TEXAS ROADHOUSE RESTAURANT,3029 RICHMOND ROAD,Lexington,KY
90877,THAT'S HOW WE ROLL STATE MOBILE,600 ST. ANTHONY DRIVE,Lexington,KY
70185,THE AMERICAN LEGION POST # 8,1230 MAN-0-WAR PLACE,Lexington,KY
80162,THE BACKDOOR,6270 ATHENS WALNUT HILL RD.,Lexington,KY
30777,THE BAR INC,224 E MAIN ST,Lexington,KY
61458,THE BRECKINRIDGE,2109 CORNERSTONE DR,Lexington,KY
67259,THE CAFE,800 ROSE ST RM 130,Lexington,KY
30971,"THE CURB, LLC",2314 PARIS PIKE,Lexington,KY
82945,THE KEENE PLACE,4201 VERSAILLES RD,Lexington,KY
98746,THE LOGE,1540 UNIVERSITY AVE,Lexington,KY
62919,THE MEZZANINE,1540 UNIVERSITY DR,Lexington,KY
44911,THE OTHER BAR,319 -A S LIMESTONE,Lexington,KY
71528,THE PIZZA STAND,207 LEGENDS LANE,Lexington,KY
54375,THE PRETZEL TWISTER,3401 NICHOLASVILLE RD K-2,Lexington,KY
76796,THE PUB,3750 MALL ROAD,Lexington,KY
31644,THE TULIP BISTRO & BAR,355 ROMANY RD,Lexington,KY
30765,"THE VILLA AT CHEVY CHASE, LLC",319 DUKE RD,Lexington,KY
31530,THIRD FLOOR CLUB KITCHEN,4201 VERSAILLES RD.,Lexington,KY
86710,THIRD FLOOR CLUB SERVICE BAR,4201 VERSAILLES RD,Lexington,KY
71767,THIRD STREET STUFF COFFEE,257 N LIMESTONE ST,Lexington,KY
32433,THORNTON FOOD STOP #38,802 N BROADWAY ST,Lexington,KY
32429,THORNTON FOOD STOP #48,1311 VERSAILLES ROAD,Lexington,KY
32431,THORNTON FOOD STOP #51,2300 WOODHILL DRIVE,Lexington,KY
32430,THORNTON FOOD STOP #52,1040 GEORGETOWN RD,Lexington,KY
32432,THORNTON FOOD STOP #53,2291 ELKHORN ROAD,Lexington,KY
42070,THORNTON'S #90,1120 WINCHESTER RD,Lexington,KY
47380,THORNTON'S FOOD MART #89,441 REDDING ROAD,Lexington,KY
90140,THOROUGHBRED CLUB OF AMERICA,3555 RICE ROAD,Lexington,KY
32434,THOROUGHBRED RESTAURANT,1483 LEESTOWN RD,Lexington,KY
62481,THUNDERBIRD CAFE,975 E NEW CIRCLE ROAD,Lexington,KY
65928,TIKI ZONE   YMCA O S POOL,3250 BEAUMONT CENTER CIRCLE,Lexington,KY
63956,"TIN ROOF, THE",303 SOUTH LIMESTONE,Lexington,KY
84852,TINKER'S CAKE SHOP,317 WEST MAXWELL STREET,Lexington,KY
88229,TOLLY HO RESTAURANT,606 S BROADWAY,Lexington,KY
81245,TOM AND CHEE,"2200 WAR ADMIRAL WAY, STE 195",Lexington,KY
65746,TOMO'S RESTAURANT,848 E. HIGH STREET,Lexington,KY
96933,TONY'S STEAKS AND SEAFOOD OF LEXINGTON,401 WEST MAIN ST. #102,Lexington,KY
97929,TOP DOG STATE MOBILE PUSHCART,119 PENMOKEN PARK,Lexington,KY
63667,TORTILLERIA RAMIREZ,1429 ALEXANDRIA DRIVE,Lexington,KY
32438,TOT 'N' TODDLERS,445 ASBURY LANE,Lexington,KY
53846,TOT'S LANDING,2245 GULFSTREAM DRIVE,Lexington,KY
56136,TOT'S LANDING,140 PROSPEROUS PLACE,Lexington,KY
42655,"TOT'S LANDING LEARNING CTR,INC",3501 BEAVER PLACE RD,Lexington,KY
97016,TOWNE PLACE SUITES BY MARRIOTT LEXINGTON,1790 VENDOR WAY,Lexington,KY
31543,TRACK KITCHEN,4201 VERSAILLES RD,Lexington,KY
32234,TRANSYLVANIA UNIVERSITY CAFE,300 NORTH BROADWAY,Lexington,KY
97014,TRAVINIA ITALIAN KITCHEN & WINE BAR,"3565 NICHOLASVILLE RD, SUITE 932",Lexington,KY
32439,TRINITY BAPTIST CHURCH,1675 STRADER DR,Lexington,KY
70261,TRINITY HILL CHILD CARE CENTER,210 E. REYNOLDS ROAD,Lexington,KY
31782,TRINITY HILLS FOOD SERVICE,3600 TATES CREEK RD,Lexington,KY
87591,TROPICAL SMOOTHIE CAFE',3181 BEAUMONT CTR. STE 112,Lexington,KY
57642,TRUST LOUNGE,123 W. MAIN STREET,Lexington,KY
32442,TWO KEYS TAVERN,333 S. LIMESTONE,Lexington,KY
96722,TYLOR ASIAN MARKET,"1555 E NEW CIRCLE RD, #170",Lexington,KY
96680,UK   EARLY CHILDHOOD LABORATORY,621 SOUTH LIMESTONE,Lexington,KY
31159,UK   UK SAMARITAN HOSPITAL,310 S LIMESTONE ST,Lexington,KY
43965,UK BASEBALL CONCESSION STAND,HAGAN BASEBALL STADIUM,Lexington,KY
32454,UK CATERING,306 COMPLEX DRIVE A/K/A,Lexington,KY
32445,UK MEDICAL CENTER MAIN KITCHEN,800 ROSE STREET,Lexington,KY
99216,UNCLE MADDIO'S PIZZA,630 EUCLID AVE STE 150,Lexington,KY
48765,UNIVERSITY CLUB OF KY,4850 LEESTOWN RD,Lexington,KY
98354,"UPSTART CROW, THE",101 W SHORT ST.,Lexington,KY
96075,VALERIA'S ICE CREAM,340 E NEW CIRCLE RD,Lexington,KY
32484,VERONA PIZZA & PASTA,2901 RICHMOND RD #110,Lexington,KY
58721,VETERANS PARK ELEMENTARY SCHOOL,4351 CLEARWATER WAY,Lexington,KY
32466,VFW POST   680,1494 LEESTOWN ROAD,Lexington,KY
94939,VIBURNUM VALLEY FARM CONFECTIONS,2150 GEORGETOWN RD,Lexington,KY
66678,"VILLAGE IDIOT, THE",307 W SHORT STREET,Lexington,KY
89705,VINAIGRETTE SALAD KITCHEN,1781 SHARKEY WAY #130,Lexington,KY
97098,VINAIGRETTE SALAD KITCHEN,113 N BROADWAY,Lexington,KY
75390,VIP EARLY LEARNING CENTER,"1392 TRENT BLVD., STE. 3 & 4",Lexington,KY
47447,VIRGINIA PLACE DAY CARE,1156 HORSEMAN'S LANE,Lexington,KY
30802,WAFFLE HOUSE # 1099,1000 GEORGETOWN ROAD,Lexington,KY
62857,WAFFLE HOUSE # 1375,3601 -A WALDEN DRIVE,Lexington,KY
62343,WAFFLE HOUSE # 1408,"153 PATCHEN DRIVE, #41",Lexington,KY
67902,WAFFLE HOUSE # 1565,859 SOUTH BROADWAY,Lexington,KY
53969,WAFFLE HOUSE #1055,3040 LAKECREST CIRCLE,Lexington,KY
32472,WAFFLE HOUSE #107,2340 BUENA VISTA RD,Lexington,KY
62540,WAFFLE HOUSE #1334,1912 PLAUDIT PLACE,Lexington,KY
32473,WAFFLE HOUSE #505,1943 STANTON WAY,Lexington,KY
32474,WAFFLE HOUSE #531,5548 ATHENS-BOONESBORO ROAD,Lexington,KY
32475,WAFFLE HOUSE #654,2203 NORTH BROADWAY,Lexington,KY
89394,WAGON BONES GRILL,591 W SHORT ST,Lexington,KY
50229,WAH MEI,"4750 HARTLAND PKWY, STE 110",Lexington,KY
63504,WAL MART #2783,500 NW NEW CIRCLE RD,Lexington,KY
76797,WAL MART NEIGHBORHOOD MARKET,4230 SARON DRIVE,Lexington,KY
43116,WAL MART STORE #4607,3735 PALOMAR CENTER,Lexington,KY
61611,WAL MART SUPERCENTER #2628,4051 NICHOLASVILLE RD,Lexington,KY
77357,WAL MART SUPERCENTER #3894,2350 GREY LAG WAY,Lexington,KY
31766,WEE CARE DAYCARE,455 E MAXWELL ST,Lexington,KY
90584,"WEEKLY JUICERY, THE",436 OLD VINE STREET,Lexington,KY
89039,WELLINGTON ELEMENTARY SCHOOL,3280 KEITHSHIRE DRIVE,Lexington,KY
32476,WENDY'S,1792 ALEXANDRIA,Lexington,KY
32477,WENDY'S,2575 NICHOLASVILLE ROAD,Lexington,KY
32478,WENDY'S,1499 BOARDWALK,Lexington,KY
32480,WENDY'S,3010 RICHMOND ROAD,Lexington,KY
60743,WENDY'S,1907 PLAUDIT PLACE - #20,Lexington,KY
74858,WENDY'S,1760 SHARKEY WAY,Lexington,KY
75296,WENDY'S,5365 ATHENS-BOONESBORO ROAD,Lexington,KY
39909,WENDY'S RESTAURANT,2296 THUNDERSTICK DRIVE,Lexington,KY
66897,WEST COAST GOURMET PIZZA,2473 FORTUNE DR STE 100,Lexington,KY
69097,WEST COAST GOURMET PIZZA,325 W MAIN ST. #140,Lexington,KY
99778,WEST SIXTH BREWING,109 W MAIN ST,Lexington,KY
90262,WEST SIXTH COMPANY,"501 W SIXTH STREET, STE 100",Lexington,KY
50611,WESTERN LITTLE LEAGUE, CARDINAL RUN & WOLF RUN PARK,Lexington,KY
32486,WHEELER'S PHARMACY,336 ROMANY RD,Lexington,KY
32487,WHITE CASTLE #21,307 EAST NEW CIRCLE RD,Lexington,KY
32491,WHITE CASTLE #22,179 EAST REYNOLDS RD.,Lexington,KY
69005,WHOLE FOODS MARKET,161 LEXINGTON GREEN CIRCL #A-2,Lexington,KY
94673,WILD EGGS,3537 PALOMAR CENTRE DR,Lexington,KY
96674,WILD EGGS,1925 JUSTICE DR,Lexington,KY
98272,WILD FIG BOOKS & COFFEE,726 N LIMESTONE,Lexington,KY
88933,"WILD THYME, LLC",1060 CHINOE RD. SUITE 108,Lexington,KY
30703,WILDCAT CAFE, @ UK MEDICAL CENTER,Lexington,KY
81807,WILLIAM W BROWN ELEMENTARY,555 E. 5TH STREET,Lexington,KY
60322,WILLIAMS SONOMA #310, @ FAYETTE MALL,Lexington,KY
32187,WILLIE'S LOCALLY KNOWN,286 SOUTHLAND DR,Lexington,KY
95009,WILLOWS AT CITATION,1376 SILVER SPRINGS DR,Lexington,KY
91841,"WILLOWS AT HAMBURG, THE",2531 OLD ROSE BUD RD.,Lexington,KY
92655,"WILLOWS AT HAMBURG, THE (LEGACY)",2531 OLD ROSEBUD RD.,Lexington,KY
33596,"WILSON'S GROCERY, MEAT & PROD.",1010 CRAMER AVENUE,Lexington,KY
96653,WINBURN CAFE   CHILD CARE CENTER,1100 WINBURN DR,Lexington,KY
32500,WINBURN MIDDLE SCHOOL,1060 WINBURN DR,Lexington,KY
45248,WINCHELL'S REST. & SPORTS BAR,348 SOUTHLAND DRIVE,Lexington,KY
32502,WINDY CORNER MARKET,4595 BRYAN STATION ROAD,Lexington,KY
81929,WINE & MARKET,486 W. 2ND ST.,Lexington,KY
73827,WINES ON VINE,400 OLD VINE ST.,Lexington,KY
86771,WING ZONE,351 SOUTHLAND DR.,Lexington,KY
87029,WING ZONE,580 EUREKA SPRINGS DR. #A,Lexington,KY
88305,WONG WONG RESTAURANT,458 SOUTHLAND DR,Lexington,KY
53014,WOODHILL MOVIES 10,425 CODELL DRIVE,Lexington,KY
42485,WOODLAND EARLY LEARNING CENTER,575 WOODLAND AVENUE,Lexington,KY
53503,WOODLAND SWIMMING POOL, PARK AVENUE,Lexington,KY
32512,YATES ELEMENTARY SCHOOL,703 E NEW CIRCLE RD,Lexington,KY
38743,YESTERDAYS,410 W VINE ST,Lexington,KY
86315,YO2GO,3401 NICHOLASVILLE RD,Lexington,KY
31137,YUMMY YUMMY,1395 WEST MAIN ST,Lexington,KY
78798,ZAXBY'S,1772 SHARKEY WAY,Lexington,KY
82740,ZAXBY'S,531 W NEW CIRCLE RD,Lexington,KY
83458,ZAXBY'S,104 SAND LAKE DR,Lexington,KY
98331,ZAXBY'S,435 REDDING RD,Lexington,KY
62568,ZEN SUSHI,3070 LAKECREST CIRCLE #500,Lexington,KY
